json,reject_reason
{bad_json_line},Expecting property name enclosed in double quotes: line 1 column 2 (char 1)
{bad_json_line},Expecting property name enclosed in double quotes: line 1 column 2 (char 1)
{bad_json_line},Expecting property name enclosed in double quotes: line 1 column 2 (char 1)
{bad_json_line},Expecting property name enclosed in double quotes: line 1 column 2 (char 1)
{bad_json_line},Expecting property name enclosed in double quotes: line 1 column 2 (char 1)
{bad_json_line},Expecting property name enclosed in double quotes: line 1 column 2 (char 1)
{bad_json_line},Expecting property name enclosed in double quotes: line 1 column 2 (char 1)
{bad_json_line},Expecting property name enclosed in double quotes: line 1 column 2 (char 1)
{bad_json_line},Expecting property name enclosed in double quotes: line 1 column 2 (char 1)
{bad_json_line},Expecting property name enclosed in double quotes: line 1 column 2 (char 1)
{bad_json_line},Expecting property name enclosed in double quotes: line 1 column 2 (char 1)
{bad_json_line},Expecting property name enclosed in double quotes: line 1 column 2 (char 1)
{bad_json_line},Expecting property name enclosed in double quotes: line 1 column 2 (char 1)
{bad_json_line},Expecting property name enclosed in double quotes: line 1 column 2 (char 1)
{bad_json_line},Expecting property name enclosed in double quotes: line 1 column 2 (char 1)
{bad_json_line},Expecting property name enclosed in double quotes: line 1 column 2 (char 1)
{bad_json_line},Expecting property name enclosed in double quotes: line 1 column 2 (char 1)
{bad_json_line},Expecting property name enclosed in double quotes: line 1 column 2 (char 1)
{bad_json_line},Expecting property name enclosed in double quotes: line 1 column 2 (char 1)
{bad_json_line},Expecting property name enclosed in double quotes: line 1 column 2 (char 1)
{bad_json_line},Expecting property name enclosed in double quotes: line 1 column 2 (char 1)
{bad_json_line},Expecting property name enclosed in double quotes: line 1 column 2 (char 1)
{bad_json_line},Expecting property name enclosed in double quotes: line 1 column 2 (char 1)
{bad_json_line},Expecting property name enclosed in double quotes: line 1 column 2 (char 1)
{bad_json_line},Expecting property name enclosed in double quotes: line 1 column 2 (char 1)
{bad_json_line},Expecting property name enclosed in double quotes: line 1 column 2 (char 1)
{bad_json_line},Expecting property name enclosed in double quotes: line 1 column 2 (char 1)
{bad_json_line},Expecting property name enclosed in double quotes: line 1 column 2 (char 1)
{bad_json_line},Expecting property name enclosed in double quotes: line 1 column 2 (char 1)
{bad_json_line},Expecting property name enclosed in double quotes: line 1 column 2 (char 1)
{bad_json_line},Expecting property name enclosed in double quotes: line 1 column 2 (char 1)
{bad_json_line},Expecting property name enclosed in double quotes: line 1 column 2 (char 1)
{bad_json_line},Expecting property name enclosed in double quotes: line 1 column 2 (char 1)
{bad_json_line},Expecting property name enclosed in double quotes: line 1 column 2 (char 1)
{bad_json_line},Expecting property name enclosed in double quotes: line 1 column 2 (char 1)
{bad_json_line},Expecting property name enclosed in double quotes: line 1 column 2 (char 1)
{bad_json_line},Expecting property name enclosed in double quotes: line 1 column 2 (char 1)
{bad_json_line},Expecting property name enclosed in double quotes: line 1 column 2 (char 1)
{bad_json_line},Expecting property name enclosed in double quotes: line 1 column 2 (char 1)
{bad_json_line},Expecting property name enclosed in double quotes: line 1 column 2 (char 1)
{bad_json_line},Expecting property name enclosed in double quotes: line 1 column 2 (char 1)
{bad_json_line},Expecting property name enclosed in double quotes: line 1 column 2 (char 1)
{bad_json_line},Expecting property name enclosed in double quotes: line 1 column 2 (char 1)
{bad_json_line},Expecting property name enclosed in double quotes: line 1 column 2 (char 1)
{bad_json_line},Expecting property name enclosed in double quotes: line 1 column 2 (char 1)
{bad_json_line},Expecting property name enclosed in double quotes: line 1 column 2 (char 1)
{bad_json_line},Expecting property name enclosed in double quotes: line 1 column 2 (char 1)
{bad_json_line},Expecting property name enclosed in double quotes: line 1 column 2 (char 1)
{bad_json_line},Expecting property name enclosed in double quotes: line 1 column 2 (char 1)
{bad_json_line},Expecting property name enclosed in double quotes: line 1 column 2 (char 1)
{bad_json_line},Expecting property name enclosed in double quotes: line 1 column 2 (char 1)
{bad_json_line},Expecting property name enclosed in double quotes: line 1 column 2 (char 1)
{bad_json_line},Expecting property name enclosed in double quotes: line 1 column 2 (char 1)
{bad_json_line},Expecting property name enclosed in double quotes: line 1 column 2 (char 1)
{bad_json_line},Expecting property name enclosed in double quotes: line 1 column 2 (char 1)
{bad_json_line},Expecting property name enclosed in double quotes: line 1 column 2 (char 1)
{bad_json_line},Expecting property name enclosed in double quotes: line 1 column 2 (char 1)
{bad_json_line},Expecting property name enclosed in double quotes: line 1 column 2 (char 1)
{bad_json_line},Expecting property name enclosed in double quotes: line 1 column 2 (char 1)
{bad_json_line},Expecting property name enclosed in double quotes: line 1 column 2 (char 1)
{bad_json_line},Expecting property name enclosed in double quotes: line 1 column 2 (char 1)
{bad_json_line},Expecting property name enclosed in double quotes: line 1 column 2 (char 1)
{bad_json_line},Expecting property name enclosed in double quotes: line 1 column 2 (char 1)
{bad_json_line},Expecting property name enclosed in double quotes: line 1 column 2 (char 1)
{bad_json_line},Expecting property name enclosed in double quotes: line 1 column 2 (char 1)
{bad_json_line},Expecting property name enclosed in double quotes: line 1 column 2 (char 1)
