order_id,line_number,product_id,qty,unit_price,line_discount_pct,tax_pct
1,1,37,5,210.8684,14.0317,6.7159
1,2,205,5,314.9406,23.8325,14.1427
1,3,243,5,828.8464,17.3864,11.1995
2,1,194,1,574.7839,43.4526,5.5056
2,2,235,4,812.1971,1.2062,12.8839
2,3,574,4,474.4295,12.1162,8.8733
3,1,222,4,465.8312,0.2986,13.0229
3,2,7,4,820.6706,72.8010,9.6086
4,1,236,4,359.8566,0.6771,10.7291
4,2,18,3,872.0515,49.7909,6.3107
5,1,105,2,920.6865,22.0988,6.2943
5,2,78,2,425.6342,5.0907,8.2212
5,3,194,5,665.8346,20.9957,11.8428
6,1,225,1,865.5316,33.5901,6.2465
6,2,135,5,118.8370,27.2518,5.6124
7,1,162,1,713.4265,18.5519,9.2022
7,2,226,5,737.1305,43.5712,5.2163
7,3,143,2,765.5664,40.2204,14.3961
8,1,184,1,803.4079,2.1887,13.0451
8,2,85,3,581.7757,46.0942,5.2907
9,1,9,5,737.5332,13.4338,11.3568
10,1,55,5,180.1793,1.3591,5.4392
10,2,101,2,308.0305,49.8386,5.3366
11,1,141,1,146.4065,7.2060,11.7860
11,2,165,2,888.9834,12.6243,11.8787
11,3,244,4,83.0436,28.7530,6.1855
12,1,91,2,755.0084,18.7916,11.4141
12,2,141,5,765.0380,6.2895,12.9567
13,1,38,1,901.2722,21.1706,8.0576
13,2,22,3,342.0376,6.1118,7.6517
14,1,62,2,319.3581,33.5948,6.4364
14,2,241,1,714.5032,33.9663,7.4048
14,3,218,5,528.9956,30.6778,6.1937
14,4,181,5,29.7882,47.6286,10.9985
15,1,218,5,692.0580,47.4760,8.7157
15,2,249,1,758.8916,47.9942,14.9507
15,3,50,1,235.5539,35.8932,10.7969
16,1,155,3,303.2506,15.4092,7.2040
16,2,47,4,731.7121,24.2371,14.3317
17,1,169,1,552.1189,23.5828,12.6609
17,2,135,-1,548.4644,88.0840,8.1431
18,1,94,5,329.2696,7.8085,7.6683
18,2,194,2,109.5372,15.4081,11.1719
18,3,23,2,12.2912,22.9152,12.2421
18,4,173,5,234.9206,89.1053,14.8339
18,5,108,1,882.5382,18.5322,8.1952
19,1,87,1,806.0217,25.3183,5.0014
20,1,226,4,196.0479,9.1078,14.9198
20,2,229,1,824.6331,47.1292,11.9638
21,1,141,1,993.8210,46.4091,11.8804
21,2,392,5,460.2168,17.1317,13.2511
22,1,170,3,785.7348,23.3438,9.5786
22,2,150,4,512.1694,48.1236,5.5302
23,1,179,1,984.7352,4.2064,7.1703
23,2,176,2,349.0445,49.2227,14.2066
23,3,137,2,259.2405,32.6048,13.3588
24,1,47,1,738.1904,2.4579,11.3915
24,2,238,3,187.8252,0.3226,11.4892
24,3,7,3,674.1038,18.3136,10.7142
24,4,124,1,142.7181,5.7934,10.3655
24,5,120,3,439.5858,23.5904,5.8771
25,1,48,1,645.6828,25.3701,5.1281
25,2,62,4,531.8182,28.5646,5.9322
25,3,154,1,315.7255,43.7592,12.9345
25,4,95,4,218.5140,14.1453,12.3068
25,5,226,4,6.9070,93.0445,10.4009
26,1,45,4,346.8440,5.4790,8.6720
26,2,250,2,608.0122,5.6929,11.2203
26,3,60,1,483.4382,26.3399,9.2865
26,4,68,2,790.0860,1.5438,6.1626
26,5,152,2,525.0786,7.7415,6.6001
27,1,98,2,256.5055,64.6223,8.1460
27,2,26,2,806.2042,48.1377,13.5453
27,3,236,5,599.5861,11.8739,8.5004
28,1,94,3,482.0028,39.3569,5.2858
29,1,85,5,93.9689,25.4334,5.2858
29,2,181,1,217.2677,12.7872,9.5404
29,3,156,4,369.3063,49.3384,5.8527
29,4,106,5,230.7922,54.2356,13.8642
29,5,110,3,590.7016,37.9538,12.5847
30,1,181,1,892.7767,82.5269,13.0040
31,1,82,4,293.0520,3.5041,11.9082
31,2,16,1,875.5612,10.1613,14.5644
31,3,209,4,654.8977,19.4368,7.4072
31,4,101,1,569.4864,69.8541,8.2908
32,1,16,5,563.2844,33.5040,9.8703
32,2,130,3,691.2152,46.4671,6.7299
33,1,137,3,298.9667,28.4298,11.7345
33,2,40,3,575.0568,0.3175,5.5504
33,3,4,5,381.4188,7.9998,14.9139
33,4,187,5,654.8407,11.3378,8.2215
33,5,66,2,934.3217,39.4437,5.4690
34,1,192,1,648.2664,0.6105,10.7847
34,2,248,2,325.0015,12.2530,11.6740
35,1,115,2,673.5060,38.7643,7.6998
35,2,237,1,337.8496,33.6797,6.7893
35,3,172,2,324.5901,18.4505,8.1850
35,4,73,2,252.0023,17.0831,12.7754
36,1,99,1,33.0401,78.8431,7.7666
36,2,188,1,929.5778,82.6509,10.2966
36,3,157,2,107.3755,29.4159,10.9995
36,4,119,2,462.4124,23.5103,8.7863
36,5,144,3,208.9973,14.5147,9.9084
37,1,45,5,687.0723,56.5760,13.8870
37,2,213,2,233.4924,41.7545,5.6869
37,3,190,3,998.7174,10.9219,14.8833
37,4,74,1,717.0117,0.2383,13.8198
38,1,134,3,256.4898,13.9770,8.4947
38,2,87,2,0.0000,14.0496,8.1616
38,3,54,4,766.8451,23.9127,9.6522
38,4,82,4,523.7669,21.6243,5.2857
39,1,238,5,15.8232,14.1100,10.9693
39,2,232,3,693.7398,17.4524,12.6268
39,3,23,4,101.4066,49.4112,6.4446
39,4,73,5,561.6885,67.0760,11.9348
40,1,189,5,602.7945,10.8647,12.5669
40,2,131,4,392.3312,38.6460,5.3077
40,3,232,3,267.7658,7.6224,8.4558
40,4,45,4,154.0036,10.4628,14.1002
40,5,9,3,571.8586,3.2868,6.9384
41,1,123,4,791.6213,4.5208,12.2866
41,2,190,3,405.0008,40.9469,12.2935
41,3,225,4,229.5953,80.1337,8.5933
41,4,31,1,677.0700,36.0712,9.8641
41,5,171,4,963.9745,2.9653,9.3227
42,1,20,4,177.3309,42.4253,6.0411
42,2,80,5,560.4612,7.0472,10.3314
42,3,198,3,146.0782,25.7475,7.8372
42,4,45,3,624.0452,38.9676,13.8050
43,1,81,1,156.8474,9.7414,9.7599
43,2,624,4,22.6794,38.4817,14.3069
43,3,19,2,987.7071,1.8038,13.0509
43,4,131,1,823.4129,32.3135,7.7474
43,5,140,3,369.4818,22.9427,11.4841
44,1,174,1,637.1124,33.8961,6.6408
45,1,105,1,626.2544,34.0612,6.9506
45,2,213,1,496.7823,26.2830,9.7211
45,3,37,4,949.9113,23.8264,7.2349
46,1,160,3,918.7450,32.0632,14.6706
47,1,189,1,236.6426,45.8802,10.0185
47,2,95,5,919.4879,22.2645,7.7348
47,3,204,4,708.6943,47.6111,10.3326
48,1,52,2,548.1539,25.4889,5.0188
48,2,209,1,917.2028,48.5747,11.4781
48,3,49,5,763.1936,2.6534,5.4764
48,4,14,1,609.9987,21.5778,10.2367
49,1,68,2,420.1352,25.7326,8.5730
50,1,216,2,932.9441,17.7731,11.0284
50,2,192,5,477.4449,46.7479,13.7186
50,3,10,2,818.6826,18.3889,12.5598
50,4,39,5,731.4642,74.6719,8.8774
51,1,197,1,33.7512,28.0510,10.8051
51,2,177,5,990.1982,87.6603,5.2592
52,1,33,5,673.8223,12.8237,10.8726
52,2,147,2,204.9938,4.2633,8.7144
52,3,188,4,902.7828,85.0288,11.6290
52,4,100,2,656.6010,6.5300,7.6858
53,1,197,5,346.5743,7.5300,10.5586
53,2,216,3,190.7587,18.8432,9.4958
53,3,122,4,11.0574,31.6301,10.1943
53,4,184,4,164.5994,18.5191,8.2147
53,5,136,5,34.1185,25.6099,8.7193
54,1,215,4,511.1387,18.1180,7.7578
54,2,1,3,277.5249,8.1517,8.7711
54,3,109,4,534.3592,45.7105,13.9367
54,4,194,5,863.9646,21.6801,10.1751
55,1,37,1,577.1536,15.8312,13.9558
55,2,122,4,760.1136,20.4950,10.4375
55,3,24,5,847.5003,44.5184,5.4142
55,4,166,3,471.9734,13.3311,8.5632
55,5,250,2,131.5627,20.9371,13.7482
56,1,236,5,751.4928,29.8664,6.2199
56,2,202,4,395.2626,45.9192,5.3474
57,1,6,4,835.4773,31.6629,5.4861
58,1,183,5,559.0832,32.6533,6.1273
58,2,22,2,954.3051,44.7010,9.0329
58,3,83,1,225.3888,26.7928,7.6483
59,1,105,5,990.4834,26.0166,6.5888
60,1,54,3,139.2427,2.6231,7.7484
60,2,244,2,924.7431,39.4281,6.8026
60,3,30,4,387.1797,0.5027,5.3857
60,4,190,5,73.8182,8.1320,14.5968
61,1,222,2,907.4427,3.0773,5.6634
61,2,167,5,462.3212,37.9232,10.4716
61,3,183,2,439.1055,25.4530,13.0320
62,1,45,2,855.6291,32.5712,7.2166
62,2,231,3,1.9060,30.5861,13.5942
62,3,171,4,198.4159,32.2370,9.4210
62,4,243,3,296.7035,41.2959,9.9848
63,1,202,2,615.0893,11.3915,13.3031
63,2,30,5,948.5312,32.2236,5.1463
63,3,169,3,628.4622,37.3606,7.4919
63,4,64,1,748.4888,46.0864,8.9683
63,5,248,2,585.0495,28.2620,11.4211
64,1,132,3,104.5138,20.5707,9.5196
65,1,10,4,332.2358,62.1804,14.5913
66,1,16,1,996.2516,9.5572,13.8127
66,2,43,3,504.2932,35.7223,10.9407
66,3,59,5,853.6803,14.9714,6.0577
66,4,10,2,345.7417,18.5618,8.7324
67,1,49,5,745.3688,48.1155,12.5703
68,1,215,4,222.5537,35.9844,5.4613
68,2,110,1,4.7145,43.3649,5.2403
68,3,96,1,826.7895,86.8430,12.5481
69,1,150,1,339.9897,47.8240,12.9553
69,2,99,3,481.1082,74.6761,5.9922
69,3,34,2,703.8836,79.3757,11.8223
69,4,225,2,900.1980,20.5445,5.7309
70,1,226,5,789.3294,42.7538,6.7510
70,2,187,3,685.6430,28.6057,14.1266
70,3,202,2,802.3071,60.0050,7.5537
70,4,81,1,368.6768,14.1989,5.0197
71,1,189,5,362.8161,21.5460,8.3826
71,2,249,4,371.8690,47.2233,9.6771
71,3,135,2,759.5936,17.7485,7.2604
72,1,180,5,806.9153,61.9865,14.6558
72,2,233,4,809.4880,27.6158,14.8734
72,3,118,1,380.0803,33.5388,11.9591
73,1,80,5,590.9879,26.6850,5.3180
73,2,218,4,858.2805,30.4344,14.7973
73,3,27,2,866.2616,46.2430,7.5678
73,4,248,5,988.5354,27.2094,11.6708
73,5,141,5,475.1609,93.8298,11.2052
74,1,84,3,473.9813,23.3785,11.7363
74,2,163,3,896.0279,46.4847,11.8532
74,3,171,2,757.3095,34.2415,5.7102
75,1,78,4,387.8113,40.9407,5.1291
75,2,77,5,934.1784,49.3836,8.0503
75,3,62,2,260.3223,20.3128,7.5308
75,4,287,1,355.3489,40.2998,11.6302
75,5,232,4,804.4753,45.8146,6.2683
76,1,168,1,812.7650,37.8499,14.2315
76,2,38,3,35.3173,28.0971,9.7018
76,3,114,3,705.7180,27.0175,10.7538
76,4,247,5,19.9600,16.4434,10.6575
77,1,214,2,539.2544,49.8496,8.7074
77,2,37,4,866.1903,29.1232,13.1743
77,3,115,4,497.7701,20.6184,5.0203
77,4,62,4,926.7826,14.6892,5.0398
77,5,190,2,342.5022,10.1202,7.1377
78,1,116,4,736.1722,32.6003,8.5197
78,2,248,4,351.7602,11.6733,7.4248
78,3,47,5,207.2044,41.7080,8.4928
78,4,205,3,906.6346,34.1402,11.4515
79,1,109,5,53.0542,5.4337,14.1946
79,2,180,5,554.6473,23.5245,7.1166
79,3,242,2,34.8252,29.1677,12.4381
79,4,163,3,565.5408,36.9176,10.0241
79,5,152,3,549.1572,33.9525,13.0754
80,1,233,1,1.6674,4.1040,10.1654
80,2,180,5,398.6173,1.4147,8.5327
80,3,135,1,212.5924,11.5797,14.1439
81,1,78,2,535.7703,14.3174,9.2517
81,2,47,1,121.6994,30.7427,6.0981
81,3,682,4,444.2172,13.0298,11.5532
81,4,55,3,645.5726,39.7390,9.6158
82,1,201,4,388.6338,36.0948,8.8665
82,2,106,3,331.9590,11.3609,13.6152
83,1,197,2,100.8547,8.7296,9.4684
83,2,8,4,591.1036,99.7642,14.2401
83,3,4,4,558.3996,11.7047,6.4304
84,1,131,1,770.8253,14.6268,10.4494
84,2,235,1,39.0997,5.7460,5.5611
84,3,232,1,762.2683,18.1128,7.4450
84,4,43,1,420.6916,34.1807,14.2234
84,5,106,5,916.6034,17.4611,7.6205
85,1,195,2,458.4892,32.7809,12.5748
85,2,170,2,681.7607,26.7155,14.4982
85,3,78,1,589.4966,31.1861,6.5755
86,1,86,1,388.8840,2.3939,8.8878
87,1,43,2,286.0256,10.7463,7.8352
88,1,99,2,802.6253,86.2690,11.8596
89,1,227,4,855.7192,40.9167,13.6042
89,2,223,5,521.0234,15.2970,14.9759
89,3,49,1,695.1657,29.6112,9.9116
89,4,125,5,491.9206,3.3450,14.6828
90,1,140,3,37.8025,96.3246,14.3794
91,1,166,1,621.2124,1.7025,6.3843
92,1,208,4,921.4352,91.6022,8.9205
93,1,238,3,77.5924,40.4472,12.6632
93,2,209,1,950.9583,40.7125,13.4114
93,3,210,5,127.3463,12.0101,5.9061
93,4,33,5,107.6946,37.4717,8.2603
93,5,245,2,445.9140,25.7673,10.3354
94,1,228,1,86.0807,18.6028,5.8292
94,2,82,3,16.5929,48.3191,9.4953
94,3,9,4,866.4349,35.6439,11.2451
95,1,24,5,755.8407,1.9142,8.7467
96,1,40,2,10.4552,48.8232,5.4147
96,2,232,1,187.0104,58.5536,8.9379
96,3,48,3,585.4230,9.1848,9.7162
96,4,142,4,280.2190,75.1471,10.8209
96,5,125,1,803.7474,37.1152,7.3005
97,1,98,1,644.3039,31.4577,14.5712
97,2,232,5,342.7416,28.0267,12.4342
98,1,58,3,941.8528,37.8213,9.1223
98,2,84,4,144.0392,0.8207,9.0371
98,3,16,2,426.3328,34.0310,9.6832
98,4,140,3,47.1949,28.4043,6.0305
98,5,71,5,442.0641,73.4679,12.8712
99,1,167,3,914.6079,29.9025,7.7874
99,2,204,5,415.0708,30.0246,11.1933
99,3,26,4,658.7372,0.0822,13.6988
100,1,67,3,38.2655,11.9441,7.2644
100,2,129,5,513.5316,4.6341,12.9724
100,3,198,5,786.5739,57.5233,12.2582
100,4,179,1,578.1766,17.7026,8.5659
100,5,95,5,81.5018,6.4869,13.7302
101,1,135,5,605.7829,60.2068,8.3256
101,2,194,1,821.1852,14.2838,10.8784
101,3,186,1,523.6151,19.4081,10.9200
102,1,214,2,401.9314,5.8144,14.6185
102,2,166,5,458.4978,27.2298,5.7059
102,3,186,4,776.4564,29.6485,10.7429
102,4,241,5,168.4440,24.1364,14.5655
103,1,216,1,507.5241,34.5657,7.6972
103,2,191,1,314.9689,15.0817,8.4661
104,1,14,1,358.8022,36.4743,13.5795
104,2,64,3,79.4173,10.2665,10.2179
104,3,160,4,683.7461,16.2320,6.1667
105,1,626,5,453.0681,20.3697,14.4265
106,1,26,4,110.1840,21.4086,7.0668
106,2,94,2,534.7846,18.5253,14.8681
106,3,227,4,155.0245,14.1128,13.7488
107,1,48,2,881.7378,16.2914,14.1003
107,2,219,5,479.2603,18.0339,10.0056
107,3,236,5,866.6153,36.4279,6.6451
107,4,163,2,640.6730,33.5539,10.2035
107,5,60,3,356.7854,44.5325,6.7672
108,1,195,3,602.6593,45.9252,10.5701
108,2,226,2,217.3151,11.4838,10.9929
109,1,34,1,84.6277,14.2981,7.7636
109,2,4,2,537.6677,45.9142,6.1463
109,3,174,1,960.4489,11.4005,6.1886
109,4,113,2,321.9088,17.0715,9.3038
110,1,120,4,176.7796,44.5480,9.7489
110,2,55,1,58.9995,11.5607,14.5860
111,1,8,4,408.6267,3.6374,11.2943
111,2,16,1,617.2257,49.8104,11.0739
111,3,17,3,372.4279,96.1598,13.6858
111,4,232,2,704.6806,31.2960,10.3523
111,5,89,3,541.1886,0.2073,13.9446
112,1,145,1,766.0918,10.8675,14.1264
113,1,166,5,439.7254,3.1178,5.4745
113,2,223,4,987.9819,20.4571,10.1603
113,3,22,4,597.8057,44.3830,13.5572
113,4,206,5,595.0359,38.4785,13.4166
113,5,236,4,775.7764,34.7860,11.4123
114,1,103,3,313.8055,57.3216,9.4574
114,2,174,2,230.9821,5.1851,6.9364
114,3,150,1,286.5457,40.0355,11.6299
114,4,55,3,469.8368,41.4438,5.8677
115,1,182,4,321.3481,23.7064,5.7300
116,1,209,2,978.2503,32.5327,7.3732
117,1,249,2,728.3004,31.9991,6.0293
117,2,105,3,69.9674,20.3111,14.6786
118,1,112,3,102.5837,44.5310,14.3843
118,2,198,5,341.3111,35.6620,10.9043
118,3,28,4,869.1723,41.9922,7.6554
118,4,164,2,983.8665,6.0204,12.2766
118,5,241,3,393.6080,79.0400,13.1398
119,1,50,5,754.4708,7.1688,11.4006
119,2,151,3,156.2047,72.0991,5.5772
119,3,68,3,325.3978,83.2347,12.5452
119,4,65,2,561.5023,0.4318,10.0429
119,5,7,5,997.7952,22.5473,11.0900
120,1,112,1,720.2151,15.8655,14.8191
120,2,147,1,3.8321,19.8040,11.9594
120,3,175,3,187.7034,12.2315,10.5808
120,4,228,2,813.5344,18.4870,11.8118
121,1,115,2,753.5541,30.4207,6.6354
122,1,49,1,992.3010,48.3306,10.4270
123,1,231,1,778.9669,16.6536,10.0233
123,2,159,4,207.5243,46.9788,6.1252
123,3,37,2,872.5129,36.6564,9.4222
124,1,124,1,683.5067,47.0304,12.5948
124,2,231,5,685.8158,56.3792,14.9645
125,1,98,5,342.6648,45.4052,6.8602
125,2,135,5,436.3902,35.9183,9.3408
126,1,176,4,947.8271,43.8131,14.1073
126,2,75,5,116.3486,0.2210,9.2498
126,3,247,1,376.4498,30.3522,7.8946
127,1,3,4,692.3656,49.4113,5.9838
127,2,152,4,572.8687,48.3772,11.0738
127,3,171,4,671.8406,28.3121,5.2255
127,4,107,1,249.7109,1.8125,7.9221
127,5,56,3,775.8653,16.5598,13.5886
128,1,224,3,613.5979,46.0410,13.3637
128,2,70,5,875.3098,74.1180,11.9746
128,3,151,5,128.9044,41.5213,13.5461
128,4,26,1,447.6739,12.3367,11.8941
128,5,250,2,95.0678,29.9048,13.1794
129,1,161,-1,999.2524,21.0304,14.5232
129,2,37,2,962.5708,14.3480,6.4451
129,3,81,3,924.6113,15.7775,12.4809
129,4,27,3,729.8283,34.1751,12.0360
130,1,2,2,983.7787,13.9664,9.7150
130,2,19,2,254.2105,25.3611,9.9044
131,1,36,4,491.5704,1.8864,5.7414
131,2,241,1,76.1238,34.1233,14.7380
131,3,83,4,565.0395,2.6887,9.4854
132,1,220,1,901.4755,36.1350,12.5108
132,2,124,1,576.6413,14.8106,8.2815
133,1,226,1,212.3173,2.1622,10.7406
133,2,191,3,933.0950,21.9255,8.3729
134,1,156,5,527.0504,46.1123,12.2482
134,2,102,2,111.0909,40.5938,11.8257
134,3,246,3,245.6870,20.0399,8.7217
134,4,5,1,113.0288,55.0487,8.6303
135,1,50,4,78.6322,79.6770,9.9959
135,2,240,1,520.2459,11.4363,6.1081
135,3,123,4,314.0506,7.1050,12.1983
136,1,98,3,708.6748,8.7054,8.5706
136,2,9,2,689.2974,7.9995,7.5493
136,3,177,1,455.6612,35.0452,12.2396
136,4,94,2,52.3059,48.5051,11.9785
137,1,98,3,21.3126,38.6949,11.4319
137,2,105,2,464.7002,20.4241,5.6387
137,3,161,4,65.0897,41.2287,11.2364
137,4,136,1,915.0107,41.5611,7.9936
138,1,116,2,971.5219,46.9184,7.0576
138,2,223,3,244.1597,55.1810,11.5187
138,3,181,4,41.8824,80.1565,11.7747
138,4,70,5,853.1929,29.5827,5.9866
138,5,132,1,396.4259,17.7676,5.0601
139,1,154,5,354.9916,22.8605,13.1408
139,2,246,3,222.9966,19.7924,9.7703
140,1,247,1,163.9065,3.9758,6.5762
140,2,117,5,416.5518,0.3287,14.1062
140,3,174,5,603.9612,44.6708,5.0656
141,1,190,2,981.2748,36.3752,9.6393
141,2,123,1,613.1339,6.7262,5.0148
141,3,35,2,443.5682,42.7602,9.3458
141,4,223,2,760.2843,31.2088,14.0188
142,1,176,4,151.6720,23.6724,14.6319
143,1,113,5,445.9816,26.4056,10.4346
143,2,208,5,343.7412,35.2418,5.1500
143,3,76,3,614.9005,32.6411,11.8551
143,4,108,3,404.5656,33.7524,6.0383
143,5,235,5,132.0052,16.7079,7.5224
144,1,156,1,724.5502,14.6752,8.5850
144,2,160,5,430.0788,6.7749,14.3012
144,3,32,5,180.2856,48.7965,10.8138
144,4,213,1,146.6016,23.7099,9.6399
144,5,55,3,948.5249,41.6384,13.5914
145,1,182,2,496.1392,40.1629,6.4045
145,2,1,3,783.9870,21.2274,7.6200
145,3,156,3,745.5409,11.9191,5.6077
146,1,229,3,701.2661,21.7100,14.6294
146,2,11,3,63.0921,2.1297,7.8087
146,3,48,5,292.5495,44.6467,12.7422
146,4,233,3,316.1596,43.1531,5.4513
147,1,12,1,449.8064,49.4622,9.6889
147,2,56,1,908.1186,7.4801,9.3896
148,1,38,5,812.0021,34.2782,8.4868
148,2,37,4,20.1949,8.7394,12.8374
149,1,97,4,773.2598,12.6715,6.3476
149,2,217,3,562.1498,48.3568,9.8609
149,3,64,4,464.9972,84.3493,6.6079
149,4,104,2,24.0327,1.9523,7.1906
149,5,117,2,774.3641,23.9098,11.8848
150,1,144,2,397.7549,24.3471,5.6673
150,2,60,1,306.5553,37.2537,10.7068
150,3,101,3,395.2443,4.7341,6.2923
150,4,232,4,601.3203,35.5146,6.7812
151,1,146,3,546.0164,41.9463,7.4503
151,2,189,5,128.1203,49.7559,11.6488
151,3,51,5,682.6288,14.3691,6.5126
151,4,81,5,129.4276,1.0346,12.1018
152,1,107,1,404.6939,86.8370,12.5641
152,2,114,2,658.4290,49.7470,12.8373
152,3,130,1,885.6286,87.0284,7.8012
152,4,141,2,99.6267,30.4024,13.1796
153,1,222,3,765.3241,23.0076,5.6251
153,2,10,3,682.3456,3.7078,9.7014
153,3,161,1,447.6051,44.9815,5.9683
153,4,4,3,383.9039,32.6367,12.9359
153,5,248,3,399.6419,46.5821,6.9660
154,1,176,2,325.0478,35.4459,11.9953
154,2,389,1,520.9873,46.9778,13.1445
154,3,244,2,372.3226,48.9642,5.2720
154,4,199,4,966.3757,25.4501,8.8994
154,5,137,4,306.7745,74.5905,11.3688
155,1,136,4,562.9975,10.2413,8.4762
155,2,106,4,799.6867,27.2339,13.1851
155,3,7,5,325.7741,32.8911,8.1766
155,4,149,3,832.9261,37.4477,9.0647
156,1,241,4,812.8386,26.4148,14.6632
157,1,39,5,496.8578,87.7162,7.8027
157,2,196,1,829.1844,31.1690,11.5765
157,3,135,4,589.5333,6.1930,12.0104
157,4,66,1,449.6638,23.8256,11.0924
157,5,76,3,453.9045,17.5146,12.1058
158,1,8,2,311.5708,1.0785,11.9630
158,2,1,5,269.7162,8.1790,7.3218
158,3,157,4,975.5132,17.7835,14.6708
158,4,229,1,438.7787,39.0332,10.0540
159,1,67,5,485.0294,11.9638,10.3220
159,2,236,2,637.8892,12.2066,9.9734
159,3,79,4,24.8206,47.5835,5.2761
159,4,28,5,792.3621,28.1975,9.4916
159,5,235,3,750.4234,5.5450,13.8193
160,1,99,2,497.6851,13.3359,5.1706
160,2,49,4,442.6640,34.4092,11.0132
160,3,211,2,593.2520,0.0422,14.5807
161,1,77,4,911.5163,31.5093,5.9906
161,2,231,1,48.2048,16.4512,5.2800
162,1,193,4,869.0574,75.9382,5.9636
163,1,123,2,767.9604,31.9677,12.6800
163,2,107,3,780.4622,29.1781,9.4875
163,3,65,3,653.8406,30.4299,6.4995
164,1,200,1,377.8759,20.1412,12.4403
164,2,7,3,452.1985,81.0711,8.1993
164,3,242,4,97.0644,38.9902,6.8126
165,1,52,5,608.7300,75.5677,10.3731
165,2,76,1,590.9940,21.7817,8.1985
165,3,144,3,927.4998,1.3535,7.5050
165,4,30,1,385.9348,47.7383,10.3154
165,5,235,5,922.2047,37.2146,5.7185
166,1,182,4,231.0895,46.3527,6.9908
166,2,104,4,349.9231,45.6546,5.6866
167,1,249,5,121.2483,3.2267,6.8333
167,2,152,5,160.1819,39.6992,11.6836
167,3,143,4,459.3497,16.0219,10.5599
167,4,73,3,488.9841,40.4853,14.3098
168,1,28,1,713.7460,77.6625,5.3243
168,2,213,3,567.5753,0.5606,6.2931
169,1,114,4,893.3799,42.9773,13.7829
170,1,41,3,472.3789,41.1931,14.6606
170,2,72,3,113.4639,29.3417,9.3317
170,3,194,4,174.1586,18.4391,6.2014
170,4,219,4,466.0965,42.1679,7.9237
171,1,224,5,139.0781,17.3496,5.2382
171,2,222,1,853.3581,20.7108,12.3652
171,3,132,2,619.4601,56.3423,8.5620
172,1,120,2,314.9961,35.9563,6.1469
172,2,218,3,305.9478,44.6870,10.2856
172,3,124,3,57.0353,35.0455,7.1750
172,4,130,5,960.6835,73.8978,13.8618
173,1,249,3,180.4422,34.5636,9.2189
173,2,178,1,859.5084,36.2056,5.4005
173,3,231,5,911.3282,37.2053,7.4845
173,4,202,4,863.7390,25.0622,14.4655
174,1,247,5,918.1505,8.2185,5.9588
174,2,153,2,447.6495,9.1635,13.5454
175,1,129,3,464.2807,65.7655,9.5456
175,2,9,4,802.3572,35.2095,7.4741
176,1,84,4,904.2121,2.8290,11.1862
176,2,250,4,161.5243,28.9133,11.0889
176,3,137,1,391.2311,31.7538,14.4368
177,1,168,5,731.4547,26.6083,10.6395
177,2,207,5,670.0306,1.5820,12.0861
177,3,199,5,872.1750,12.3338,11.7319
177,4,168,2,38.7671,9.1114,5.8428
177,5,90,2,162.4573,12.7058,12.2729
178,1,178,4,675.6723,6.4969,6.8538
178,2,40,5,449.0449,87.1162,8.0233
179,1,193,2,770.6439,17.2794,11.0251
179,2,219,3,76.8561,10.5201,9.6304
179,3,135,1,525.8749,8.5362,6.9956
179,4,20,1,903.1529,27.7424,7.0429
180,1,14,1,814.1536,43.8924,14.8985
180,2,26,2,121.3922,24.3607,13.1389
180,3,187,1,137.3345,25.4373,12.1367
181,1,179,5,656.0949,47.1878,14.3440
182,1,126,5,639.4868,33.3009,9.4221
182,2,240,4,986.2626,26.2619,10.8604
182,3,47,1,763.5995,36.6939,5.3422
182,4,201,1,273.3969,12.9770,11.2114
183,1,136,3,546.3478,5.6520,11.0688
183,2,90,4,662.4648,29.0474,8.9612
184,1,233,5,591.8857,54.6458,7.4582
184,2,201,2,158.9732,44.7046,6.2437
185,1,194,2,61.2631,17.6386,13.0041
185,2,138,2,905.5844,38.5840,7.2237
185,3,53,3,555.7305,21.1637,14.4172
186,1,100,5,500.2105,31.0782,14.2354
186,2,67,1,928.0499,74.0804,14.7042
187,1,144,3,345.7530,16.5199,10.6444
187,2,28,5,454.6220,24.5240,6.8425
187,3,98,5,602.0033,16.9514,11.8672
188,1,135,5,198.2106,6.3173,5.1068
188,2,166,1,651.2535,44.5345,6.1830
188,3,38,3,589.7301,17.2812,14.6336
188,4,15,1,193.2357,22.1738,10.8525
188,5,5,1,963.4544,17.5726,5.7228
189,1,196,5,82.0141,46.6174,14.2347
189,2,229,1,16.5007,38.4946,5.0234
190,1,22,5,193.9633,38.6328,5.6726
190,2,161,3,566.3028,7.7761,5.8628
191,1,66,2,755.9311,44.3898,12.6265
191,2,40,5,617.3126,92.8925,13.8616
192,1,137,5,402.3615,35.2455,8.8744
192,2,205,5,588.9866,36.9957,12.1683
192,3,163,4,209.9472,38.4395,5.9281
192,4,167,1,790.9149,37.7772,14.6705
192,5,84,4,850.4368,20.8146,12.9454
193,1,136,4,978.4833,5.5044,9.4577
193,2,112,5,300.9068,13.5857,9.8099
193,3,170,3,500.7010,1.2798,6.7986
193,4,117,1,344.5371,46.7774,14.6373
193,5,181,5,810.1351,30.7120,5.4379
194,1,135,3,877.4247,31.2273,13.8877
194,2,223,2,650.2873,30.9800,11.3812
194,3,186,1,513.3455,30.2089,5.0068
194,4,201,2,190.0064,60.5244,6.6111
195,1,71,3,976.4851,35.0725,14.5321
195,2,197,3,741.5793,44.0563,11.5089
196,1,31,5,563.7926,0.9844,5.8427
196,2,140,2,278.1553,2.1002,7.5264
197,1,75,3,366.3054,5.4003,5.2145
198,1,235,1,343.6497,3.4536,9.4003
199,1,87,3,542.3692,15.0970,10.8881
199,2,153,4,196.4305,43.2438,13.6285
200,1,218,2,861.3496,28.2018,5.1918
200,2,171,1,922.6769,12.5731,11.6074
200,3,237,1,966.7613,35.1491,12.9211
201,1,22,1,329.7108,48.0176,9.6668
201,2,50,5,886.8691,21.2500,12.9889
201,3,176,5,40.8449,42.7808,8.6267
201,4,221,4,829.9326,8.5888,14.6893
201,5,133,3,235.0482,46.4061,5.2988
202,1,19,4,790.6372,49.1602,13.0228
202,2,61,1,492.4345,26.7907,7.4007
202,3,51,1,450.1459,13.7986,6.1469
202,4,236,3,499.9735,1.5600,9.7951
203,1,30,4,489.0885,27.6011,8.8525
203,2,40,5,128.4127,31.6124,14.1702
204,1,47,2,926.3763,88.8936,6.9950
204,2,143,2,28.3893,45.4489,8.3968
204,3,119,2,807.1892,46.3290,13.2082
204,4,73,5,580.5545,47.9095,8.6587
205,1,103,5,669.6261,22.8043,10.8900
206,1,101,4,143.9983,13.2804,13.6494
206,2,193,1,712.7112,16.5444,9.5041
207,1,247,2,969.6427,36.0878,11.1766
207,2,227,4,331.2098,71.7756,12.6982
208,1,71,2,682.3224,29.0655,7.4781
208,2,48,4,632.8070,38.4941,5.0965
208,3,80,4,501.8041,24.8581,5.6126
208,4,103,1,401.9957,4.7307,8.1977
208,5,177,5,310.1770,14.2988,9.7706
209,1,52,5,552.5962,41.9780,6.0386
209,2,207,4,386.5516,20.2313,8.3420
209,3,88,2,580.8101,35.3806,9.3705
209,4,191,1,13.9922,26.9421,12.6065
210,1,56,2,458.0827,5.6633,12.5055
211,1,96,1,669.6931,17.8565,9.5401
211,2,148,1,38.0692,24.8031,9.3633
211,3,128,3,970.7517,47.2277,14.5615
212,1,45,4,376.5047,26.4827,14.5836
212,2,77,3,50.8723,44.1800,14.0536
212,3,59,1,846.2873,11.9622,7.3789
212,4,249,4,170.6056,22.2534,6.9593
212,5,108,1,873.9775,2.4253,8.6890
213,1,76,5,678.6614,35.3591,5.8759
213,2,524,4,852.1812,17.4926,7.4653
213,3,155,5,985.4021,24.5514,14.6130
214,1,201,5,229.1437,17.9349,14.5844
214,2,32,4,976.3334,19.1263,7.9839
214,3,72,2,974.5843,0.2791,5.3273
214,4,78,5,350.0436,99.8370,12.4352
214,5,247,4,214.2243,24.0219,9.7913
215,1,103,1,851.3971,61.5839,14.6693
215,2,22,3,924.3994,7.2095,10.2790
216,1,7,4,439.1997,44.2161,13.8036
216,2,207,1,904.9111,47.4866,5.4570
216,3,143,3,437.5345,29.3407,12.3777
216,4,51,3,900.2431,87.2012,6.7001
216,5,42,4,846.9187,20.6405,7.2391
217,1,115,1,562.9011,24.2166,8.4687
217,2,241,5,865.6555,44.5318,12.9891
217,3,105,5,245.4828,93.3242,14.3806
218,1,142,1,41.0301,5.7682,10.5409
218,2,230,2,537.8290,21.8756,7.0175
218,3,228,3,661.0313,57.0918,11.0212
218,4,20,4,180.8810,75.3748,13.6012
218,5,158,3,451.5378,84.6721,5.7875
219,1,127,2,910.6871,30.3635,7.3442
219,2,25,1,968.3776,0.4669,7.5809
220,1,224,4,634.7768,40.7507,5.7984
221,1,198,2,356.5405,19.1999,7.3706
221,2,137,5,747.3374,46.8912,10.2787
222,1,75,4,76.9011,31.0466,9.7163
223,1,180,2,952.5977,17.5692,8.6979
223,2,232,2,176.9432,42.3765,13.1785
223,3,232,3,878.8954,40.7755,12.4284
223,4,6,2,967.0756,18.2448,12.6949
224,1,28,2,289.9483,22.2226,14.2940
224,2,245,4,991.8838,24.0122,11.4762
224,3,138,3,702.3465,99.6088,14.3453
225,1,87,2,658.0101,33.2031,10.3117
225,2,16,2,268.2919,37.1357,14.3032
225,3,103,5,544.2375,32.2231,10.3352
225,4,158,3,383.7496,31.8795,12.3596
225,5,118,1,827.5834,55.6413,6.1680
226,1,39,3,68.7846,6.7050,8.9917
226,2,187,4,557.0593,38.8692,14.9555
226,3,176,1,921.6020,53.8460,7.3769
226,4,248,3,849.4396,41.9170,9.4861
226,5,114,1,665.5954,33.3903,10.9808
227,1,65,3,39.8829,24.4509,9.8693
227,2,146,4,60.4145,6.4524,8.9896
227,3,14,3,395.1822,49.5494,10.7869
228,1,135,5,265.0236,43.0225,11.3688
228,2,59,3,877.2412,99.7017,14.2080
229,1,30,4,987.1268,80.0170,10.9022
229,2,187,5,239.7168,11.0948,9.3753
229,3,226,3,762.7529,47.1175,13.2030
229,4,129,1,277.9989,48.3260,12.7930
229,5,83,5,697.3395,7.3645,5.4338
230,1,74,4,221.7946,41.7606,5.6472
230,2,232,4,234.0455,39.9660,13.6905
230,3,176,5,785.9163,40.3485,14.3828
230,4,48,3,264.6176,3.1199,8.9755
231,1,54,1,980.6963,83.9819,10.2187
232,1,160,4,501.2434,34.5076,7.1861
232,2,138,3,448.7727,27.7846,12.9400
233,1,57,1,321.5227,45.1649,5.3222
233,2,92,2,344.5719,11.7792,5.8359
233,3,16,2,481.6678,12.8435,10.7802
233,4,669,2,700.7655,18.8514,10.2823
233,5,217,2,6.7553,42.2030,7.9245
234,1,91,3,558.6033,34.2043,5.6776
234,2,169,2,764.6143,24.0726,7.5500
235,1,204,4,182.2111,27.1630,5.1577
236,1,184,4,5.0326,35.1803,12.6076
236,2,111,3,643.7053,29.7228,11.5706
237,1,108,2,500.6356,49.2918,8.2192
237,2,143,5,257.7083,10.4237,6.3068
237,3,22,4,510.6136,58.3869,14.6814
238,1,210,5,176.8214,11.3792,9.5786
238,2,140,5,709.5500,2.3070,12.8457
239,1,160,5,430.0909,48.6663,8.7703
239,2,242,4,251.5654,88.5186,7.5260
239,3,35,1,43.1934,81.3154,10.0484
240,1,183,3,10.5805,29.4697,8.7329
241,1,180,4,768.7380,11.8213,12.1193
241,2,139,1,161.7263,11.3699,9.4006
241,3,100,3,404.0979,31.4632,7.6201
242,1,222,4,470.7538,39.0407,14.3644
243,1,243,3,609.9467,41.1926,5.5778
243,2,4,4,994.5900,45.6604,7.0290
244,1,144,5,802.5211,48.9378,11.8335
245,1,186,4,998.9224,5.9280,14.8246
245,2,102,3,957.9635,14.7955,7.0367
245,3,161,4,989.9838,76.0597,11.0029
245,4,241,2,467.4084,15.9186,6.8548
246,1,85,2,872.1518,20.9489,10.8886
246,2,170,5,192.2019,1.6274,11.2567
246,3,244,2,589.7634,30.6190,5.8758
247,1,20,1,115.8505,13.6549,7.6356
247,2,226,4,779.1292,32.4341,7.1298
247,3,215,5,753.3917,21.7747,9.6885
247,4,15,5,829.9284,36.4648,10.2723
248,1,49,1,113.9979,46.5493,11.2167
248,2,139,1,922.0254,24.2522,13.2047
249,1,208,3,154.5268,83.9167,10.9117
249,2,127,5,514.4596,43.3257,8.6484
250,1,72,4,264.3274,12.9917,7.9892
250,2,202,1,538.4887,4.9167,11.2692
250,3,230,3,747.9010,44.8392,10.9726
251,1,213,4,735.5615,4.6523,5.9949
251,2,178,2,712.1075,0.9596,7.5815
252,1,102,2,276.5223,19.8589,13.6774
252,2,37,5,69.5043,14.5227,13.7407
252,3,21,4,754.9186,30.6926,10.1671
253,1,104,4,244.7608,14.1331,9.4431
253,2,26,2,314.7595,75.3211,7.0687
253,3,22,5,322.6490,6.5696,13.2139
253,4,128,5,608.2095,40.3161,6.2533
253,5,104,5,164.4212,34.0734,9.2663
254,1,35,1,917.2957,9.0574,13.1737
254,2,206,4,363.2860,4.0682,11.8971
254,3,98,5,456.1571,6.3070,5.3163
254,4,88,3,575.0606,46.8153,5.0199
255,1,244,4,540.6486,24.2863,7.3743
255,2,114,3,365.5585,24.9449,5.4623
255,3,194,5,56.3113,21.9133,6.4513
255,4,120,3,532.1541,38.3765,9.0134
256,1,104,1,632.2042,32.9389,8.2438
256,2,51,5,483.1537,0.8408,12.6828
257,1,121,5,865.8675,19.2689,6.3402
257,2,232,5,668.8021,14.1689,14.6364
257,3,156,3,8.5443,23.6934,5.4889
258,1,39,5,650.7674,5.0165,6.6294
258,2,201,4,354.2976,43.9963,5.3862
258,3,62,1,579.5173,16.5531,12.7503
258,4,181,4,683.0962,36.8477,10.6847
258,5,181,5,940.9773,44.5297,12.7414
259,1,104,5,343.7364,19.2344,10.8123
259,2,171,5,481.7472,26.5767,5.2307
259,3,101,3,247.7336,17.6122,8.1046
259,4,8,4,831.6370,17.4169,8.5785
260,1,108,2,398.9115,23.0781,11.8356
260,2,59,4,714.6979,48.7334,6.0012
260,3,87,5,391.7622,95.0655,5.3944
260,4,199,1,231.0495,19.8036,7.8799
261,1,22,5,94.9666,17.7905,10.7997
261,2,181,2,857.7224,81.1419,5.3261
262,1,208,5,740.8080,4.7073,9.2945
262,2,116,1,78.9233,17.9286,14.5917
262,3,23,1,197.1390,0.0570,14.0827
262,4,212,1,923.3473,26.6377,9.3245
263,1,120,4,999.2805,65.0546,5.4023
263,2,171,3,242.5613,27.3406,10.1691
264,1,62,3,729.8392,2.4113,6.6612
264,2,72,1,594.1666,6.4808,9.0714
264,3,58,4,229.3461,44.5720,6.5792
264,4,189,3,418.1625,1.1100,8.8195
265,1,185,3,766.0779,67.0121,8.0974
265,2,51,4,782.0712,97.1163,11.6894
265,3,197,3,147.4167,28.2962,8.1822
265,4,9,3,348.4743,79.4772,5.0187
266,1,119,4,847.3677,14.2301,12.4971
266,2,87,3,915.4812,33.1439,9.6755
266,3,61,2,254.4493,69.4239,13.6186
266,4,190,4,992.4938,43.0425,7.8876
267,1,69,1,915.6510,35.1154,14.6625
267,2,183,2,419.6680,32.7678,8.4274
267,3,37,4,612.4449,21.2770,5.4477
267,4,23,1,504.2047,40.5101,14.0006
268,1,36,5,767.4090,78.3253,11.4112
268,2,53,5,151.5466,43.8494,14.5375
268,3,106,2,180.3322,30.2397,6.2548
268,4,203,1,230.2982,38.7649,7.6345
269,1,114,4,499.8949,14.3192,8.9215
269,2,175,4,223.9483,32.7861,5.6813
269,3,47,4,820.2064,44.7816,5.3315
269,4,21,3,195.9884,13.9527,6.0810
270,1,177,2,977.8266,48.3714,13.7628
270,2,24,3,31.3493,3.0473,5.3324
270,3,240,3,720.7908,47.4097,11.7720
270,4,38,1,288.7635,47.0749,12.5524
271,1,214,5,869.4950,39.0484,10.5790
271,2,103,1,300.5337,95.6722,9.6631
271,3,136,5,808.9471,6.1044,6.3053
272,1,33,3,892.9942,43.6714,12.2686
273,1,105,2,522.7846,48.4796,8.7966
273,2,130,2,403.7597,31.9419,9.5133
274,1,163,3,491.5519,36.9377,12.3236
274,2,155,5,54.0551,19.8472,5.5358
274,3,244,2,299.2436,47.9405,9.3971
275,1,6,5,81.2889,44.4229,8.3972
275,2,67,2,816.8556,2.5735,14.0303
275,3,135,4,150.3117,14.9884,6.1177
276,1,117,1,813.7358,4.6936,9.2922
276,2,163,2,554.3222,34.3410,8.9915
277,1,9,5,497.7913,8.6946,10.5121
277,2,79,3,467.5532,35.7528,11.6638
277,3,120,3,465.9107,20.1285,9.0039
277,4,101,2,227.0739,9.8521,7.1454
278,1,37,5,84.6662,21.1971,13.4884
278,2,76,4,220.6679,16.9414,8.7787
278,3,148,4,205.3933,48.8941,10.5221
279,1,40,4,217.1864,41.9458,5.2994
280,1,15,3,800.4191,9.7079,11.7287
280,2,129,1,118.4059,27.6262,8.6437
280,3,98,4,542.3491,4.9410,5.5420
281,1,14,1,6.2439,15.0025,5.9497
282,1,110,4,866.7698,86.5845,7.2602
282,2,8,5,299.0478,34.7470,6.3300
282,3,39,4,26.8977,1.3357,12.4406
282,4,152,4,408.6628,18.6921,6.7247
283,1,82,2,262.8951,21.5799,6.2472
283,2,49,1,650.6163,35.8001,5.3998
283,3,119,5,261.1143,42.1219,5.8286
283,4,139,3,551.8350,77.8776,6.1957
284,1,79,2,329.3033,55.7439,11.1032
285,1,153,2,786.8810,38.4276,7.7768
285,2,129,3,609.3864,48.5099,12.5993
285,3,223,5,181.1785,42.4767,6.4915
285,4,191,3,780.8505,38.0309,5.8054
285,5,45,5,831.5261,9.8683,7.8227
286,1,97,5,758.0748,39.5823,6.1789
286,2,105,4,346.4476,80.3894,7.8776
286,3,17,1,978.9543,47.5503,8.9505
286,4,121,5,783.2870,23.4222,6.9467
287,1,71,2,420.1242,29.2219,10.7838
287,2,250,2,998.5130,19.2580,9.9297
287,3,205,1,335.2023,42.6180,5.4196
288,1,68,1,453.7217,32.6487,8.9526
288,2,8,2,182.9089,26.5244,7.5607
288,3,55,5,397.9369,28.8821,5.7684
288,4,130,3,494.0756,70.6755,11.5994
289,1,243,2,140.4504,2.9478,5.9596
289,2,213,3,477.2668,2.9927,14.1917
289,3,37,5,403.2181,44.8463,6.5366
289,4,70,4,901.2380,26.6031,12.2045
290,1,197,4,734.2316,2.2625,8.3283
290,2,56,4,429.7845,30.1789,11.5440
290,3,202,5,671.7001,33.1411,7.9249
291,1,145,3,735.1657,49.7189,11.2911
292,1,117,1,282.7170,6.6748,14.0280
292,2,248,3,410.4852,28.9390,10.9710
292,3,82,2,460.6187,6.2769,13.7460
293,1,77,2,942.5244,18.5277,12.0949
293,2,227,3,911.4304,16.2216,12.4773
293,3,106,2,161.0798,17.9086,10.2424
293,4,46,1,315.8831,5.8006,7.1372
294,1,151,5,639.7522,17.0302,9.7997
294,2,40,2,79.5339,10.9762,11.6635
294,3,135,5,388.4991,23.9782,13.2578
294,4,30,4,942.8724,3.4390,7.5194
294,5,146,3,879.5677,81.9407,5.0544
295,1,57,1,803.6792,64.3498,8.5670
295,2,192,5,70.9009,1.9036,8.0907
295,3,105,5,712.7616,5.6214,13.3028
295,4,176,4,181.6719,21.8759,14.6524
295,5,173,4,437.6127,25.2788,9.4412
296,1,15,4,582.7378,42.0347,8.6141
296,2,174,5,947.6841,31.9350,6.2249
297,1,223,2,74.2124,39.2192,11.4345
297,2,31,2,472.0341,37.5898,14.5528
297,3,64,3,911.3742,25.9484,10.6975
297,4,185,2,967.5725,78.4106,11.5432
297,5,185,5,488.1302,80.3899,11.8947
298,1,132,1,545.3441,10.3075,5.2731
298,2,63,3,685.6350,24.7582,5.7439
299,1,116,1,244.6891,34.1053,8.6813
299,2,116,4,532.4061,27.8273,9.2420
299,3,31,5,250.7294,6.9951,9.8883
299,4,149,0,85.6954,48.4420,8.5242
299,5,62,1,975.7023,21.7314,13.6844
300,1,227,1,284.2278,20.5258,14.7796
301,1,183,-1,884.7255,35.6056,9.5077
301,2,22,5,792.5655,24.7148,12.9070
301,3,187,5,387.4524,63.2546,12.1011
302,1,127,5,164.3979,5.1452,8.1947
302,2,52,4,292.2398,0.6248,7.3565
302,3,5,3,432.0740,10.9644,9.9413
302,4,91,2,362.7721,36.1987,13.1224
302,5,106,5,256.8357,44.3270,7.1789
303,1,66,3,420.5316,62.4699,5.4072
303,2,26,4,281.6186,10.5202,7.9966
304,1,109,1,897.9564,38.6678,5.1568
304,2,159,5,510.1840,38.8332,13.2974
304,3,186,5,448.4416,1.4182,14.3348
305,1,64,5,421.3230,31.9639,14.1064
306,1,120,2,852.9327,32.6784,14.9465
307,1,133,2,13.1771,15.7650,11.0218
307,2,250,1,482.2242,16.4093,10.2864
307,3,245,2,813.0984,21.0702,14.8654
307,4,94,2,641.1166,6.9901,8.7384
308,1,249,3,580.5671,17.8615,14.3610
309,1,107,2,768.0068,10.6654,9.1840
309,2,18,4,710.7935,1.7972,6.2936
309,3,223,5,446.4693,16.6196,12.9453
309,4,104,1,549.7939,34.2163,13.3258
310,1,94,3,179.7519,5.7015,13.2415
310,2,74,4,825.4444,30.4721,5.6754
310,3,151,3,663.6871,9.3469,6.6385
310,4,111,5,448.2924,10.2815,9.0218
311,1,129,5,914.2555,24.8526,14.7938
311,2,132,2,970.5589,21.1508,14.4865
311,3,110,4,430.8684,66.0457,5.6093
311,4,25,1,684.3155,32.5911,7.7723
311,5,170,5,872.5539,73.6680,6.2078
312,1,226,3,961.8668,1.4631,13.5055
313,1,218,1,293.3528,3.1757,14.7981
314,1,123,5,674.2644,3.1914,7.5184
314,2,1,3,205.7768,10.1826,13.1213
314,3,143,1,76.3250,17.7705,12.1803
315,1,119,3,410.4836,41.1715,13.9431
315,2,27,2,213.4865,36.7102,9.3133
315,3,209,2,481.2152,7.9511,10.7454
315,4,234,3,293.3423,35.1632,14.6279
316,1,246,2,491.6854,6.8656,10.1412
316,2,205,4,396.5849,49.8269,6.3232
317,1,187,4,466.3216,14.3874,10.4020
317,2,189,2,795.7841,0.3906,12.8352
317,3,235,2,136.8808,1.8501,8.7580
317,4,102,2,402.1625,45.0113,10.8545
317,5,4,4,625.8334,19.0420,9.1141
318,1,71,4,147.3114,11.5003,7.2459
318,2,127,2,398.0326,43.5232,13.2598
318,3,248,5,672.6706,28.6039,10.8204
319,1,224,1,822.8632,1.0435,14.2699
319,2,65,1,673.5502,16.0287,7.3762
319,3,144,4,936.3691,24.0277,5.8734
319,4,17,1,770.9175,20.8911,9.1643
320,1,191,3,982.4947,83.8594,5.5619
320,2,149,3,298.9992,11.3361,13.3841
321,1,34,1,301.7703,31.9125,8.7842
321,2,10,4,492.5810,34.0253,14.0759
322,1,102,4,125.8542,0.7007,7.4758
322,2,104,2,254.1541,89.7459,7.8110
322,3,31,1,357.6327,26.3249,7.5925
322,4,150,5,947.2126,37.2241,7.7942
323,1,216,3,817.6335,33.9079,7.1936
323,2,183,5,343.0543,15.4726,7.9993
323,3,21,3,114.3185,97.8064,5.2339
323,4,67,3,525.7438,16.5375,8.2509
324,1,218,5,966.9583,1.1800,12.2960
324,2,46,2,377.4504,22.9688,10.7228
325,1,242,5,349.2491,13.5218,14.4512
325,2,189,1,101.6073,62.1672,12.5486
325,3,178,3,51.9323,22.2402,7.7387
326,1,161,3,222.1387,39.9098,6.5447
326,2,64,3,307.7708,3.2304,14.3875
326,3,211,3,506.6156,13.7107,5.3500
327,1,177,3,279.5800,9.0826,6.8420
327,2,149,5,633.3245,3.8223,8.0744
327,3,213,3,553.6738,18.2173,10.7787
327,4,205,4,878.4066,1.2361,9.7267
328,1,177,2,204.9114,35.8203,12.2709
328,2,133,2,502.7838,65.9277,8.8809
329,1,135,4,444.6051,17.1470,5.6777
329,2,113,3,972.0028,33.6479,13.9235
329,3,230,4,388.3832,42.5846,9.1349
329,4,24,5,543.4945,24.3631,14.4454
330,1,80,4,803.1064,35.6812,11.7871
330,2,21,3,172.0552,10.3890,9.1098
330,3,83,1,370.2789,41.5535,7.3934
330,4,108,1,623.4304,33.4839,10.8980
331,1,24,1,205.2909,24.7217,6.3119
331,2,204,3,319.7641,31.5061,10.5549
331,3,209,3,979.5723,42.0259,7.9894
331,4,25,0,564.8522,29.4054,14.9465
332,1,238,4,756.3878,43.0761,11.4823
332,2,6,3,862.3810,4.7114,6.7023
333,1,227,2,266.8275,32.6000,12.1565
333,2,127,2,702.3495,26.3566,5.9144
333,3,235,2,432.4772,35.7960,8.5051
333,4,87,1,539.3114,31.2816,6.2682
333,5,198,3,346.7051,36.5435,11.1906
334,1,76,3,513.4647,30.7115,5.1991
334,2,114,5,467.1343,27.3822,13.3467
335,1,9,1,649.8624,30.3732,9.7949
335,2,161,5,371.5295,37.7407,6.4410
335,3,139,2,801.5184,41.3524,7.2092
336,1,212,5,106.0536,47.4199,10.8280
336,2,94,1,559.1792,25.1886,10.0713
337,1,74,2,406.0540,31.0312,12.4153
337,2,248,1,6.9542,42.0749,7.8264
337,3,137,1,224.0850,7.1961,13.3561
338,1,98,4,706.6432,34.8420,14.9355
338,2,86,4,310.0944,61.0981,8.3238
338,3,195,4,456.4619,9.3656,10.7076
338,4,96,5,173.3421,33.5408,10.1830
339,1,164,3,597.8712,25.9823,8.5237
339,2,183,3,127.4142,28.5367,13.3744
339,3,220,1,280.9857,64.1956,12.6546
340,1,79,5,191.3148,29.5515,6.1046
340,2,194,5,220.4874,6.0278,11.8301
341,1,211,5,374.3066,24.3334,8.8543
341,2,236,3,252.0886,22.6383,13.1784
341,3,219,5,705.6662,29.4754,8.3161
341,4,100,4,100.6205,31.4745,10.6433
342,1,191,3,959.4095,10.2744,6.2308
342,2,98,2,632.7356,22.8573,12.8328
342,3,181,4,154.8038,11.9149,11.4688
342,4,101,4,955.1762,45.5429,7.9665
343,1,13,3,808.3426,7.1560,6.8418
343,2,158,2,65.3448,36.9353,8.7778
344,1,128,5,796.2055,47.9311,8.6016
344,2,145,4,717.2390,19.3743,12.9987
344,3,222,5,420.8907,1.6613,14.0545
344,4,155,3,956.2877,13.9733,13.3220
345,1,185,3,472.1169,35.6128,7.3909
345,2,50,4,621.8887,45.6785,7.1772
346,1,232,1,680.8225,9.1952,7.0873
346,2,505,1,574.1174,48.6705,5.2090
347,1,174,2,216.9379,39.8541,12.3789
347,2,88,2,716.2187,22.3369,8.6599
347,3,11,5,694.8996,12.5381,8.5775
347,4,12,2,230.2098,4.8667,6.5420
347,5,179,5,49.2481,98.2921,5.4860
348,1,35,2,112.8211,35.0153,5.8379
348,2,170,2,150.2665,39.9074,8.1075
348,3,176,4,603.3114,40.3173,8.4003
348,4,115,4,543.8584,64.1239,12.8067
348,5,149,3,627.5276,29.1159,8.8884
349,1,185,0,720.2736,39.2598,7.6634
349,2,66,5,915.0381,38.3493,6.4074
349,3,32,2,353.4264,45.8764,10.1896
349,4,24,5,745.4255,42.1787,5.3151
349,5,155,2,597.4149,26.9786,11.5450
350,1,154,5,115.4151,33.4857,9.4921
350,2,119,4,95.2533,19.7782,9.0643
350,3,66,4,510.2860,39.5927,14.0506
350,4,48,1,470.1339,23.0317,13.6367
350,5,16,4,137.4255,7.0435,6.9202
351,1,242,4,34.8117,5.9415,11.2717
351,2,154,3,829.5474,0.2649,5.2267
351,3,137,4,854.8272,93.5448,8.1808
351,4,106,3,545.0757,5.3222,5.2854
351,5,237,5,254.8032,12.3660,12.7923
352,1,131,5,10.2641,86.1765,11.8296
352,2,191,5,95.9358,53.7416,8.5186
352,3,25,1,110.8527,18.8999,8.0705
352,4,78,2,177.8903,35.0005,5.5964
352,5,139,2,883.6790,35.1761,13.2241
353,1,50,4,998.9184,35.9346,6.5906
353,2,57,4,877.5073,1.5288,8.6529
353,3,225,5,631.4570,31.4575,10.8065
353,4,51,3,448.0855,5.7403,8.3038
353,5,76,5,30.8473,30.7555,6.6475
354,1,197,5,742.8873,44.1183,10.0458
355,1,248,3,685.2966,46.3597,5.1480
355,2,34,1,78.1246,42.6628,5.6991
355,3,47,1,637.3199,44.1511,12.6684
355,4,134,1,496.3993,43.3347,11.6942
355,5,98,3,487.8645,46.9392,14.9806
356,1,246,3,681.1662,42.1514,13.5644
356,2,142,1,610.1905,10.4449,8.4130
356,3,192,4,679.6095,68.0712,12.1005
357,1,214,4,493.4121,31.4201,13.6664
357,2,5,2,774.7068,24.2042,9.0036
357,3,34,5,170.8381,37.3851,7.8057
358,1,67,5,910.8162,36.6703,9.3239
358,2,40,2,499.8621,39.2896,12.2907
359,1,139,4,239.3224,48.0327,12.1815
359,2,52,4,502.8623,8.5942,13.1322
360,1,236,2,608.0506,12.9338,10.7898
360,2,69,2,570.2521,76.0817,13.2523
361,1,250,1,442.1722,36.3285,8.6168
362,1,243,2,544.3038,19.1099,14.4479
362,2,184,5,443.0293,6.3553,11.1586
362,3,222,4,362.1626,15.2093,8.9965
362,4,164,2,536.3018,9.6202,14.9162
363,1,179,2,639.6160,13.0710,13.2012
363,2,41,1,906.9890,24.2478,11.4722
363,3,158,2,606.2531,18.4361,11.5562
363,4,261,5,288.2302,11.4421,14.2884
363,5,38,2,98.8408,39.1606,12.1561
364,1,161,5,481.4212,29.0374,11.0909
364,2,54,3,13.6971,33.6302,7.8637
365,1,50,5,763.1484,10.4602,11.6907
365,2,85,4,339.2849,2.4661,11.3125
365,3,42,1,57.5764,40.0706,8.5945
365,4,155,2,993.4357,31.6884,6.6076
366,1,134,4,179.8451,24.8008,10.0795
366,2,169,4,260.8494,38.3129,14.0577
366,3,227,3,47.2281,95.9215,13.9364
366,4,113,3,797.8118,44.8370,8.1339
367,1,14,4,279.5530,45.4778,9.5306
368,1,99,1,481.3110,15.9615,8.6253
368,2,248,3,351.9310,46.9914,14.9033
369,1,156,3,38.6632,9.7666,5.0508
369,2,92,5,828.2097,7.2883,5.3023
369,3,129,3,101.4389,13.0122,11.5942
369,4,97,4,143.0086,92.7587,8.4477
369,5,76,3,76.2559,9.9433,13.6711
370,1,111,1,201.9219,42.5148,12.5902
370,2,34,1,677.3137,19.5322,8.0835
370,3,188,3,388.1419,8.6014,7.5218
370,4,63,2,681.0501,19.8480,13.7144
371,1,41,1,89.8998,26.5493,11.2130
371,2,111,5,441.3172,40.8181,13.9762
371,3,18,3,441.4714,14.8330,9.0008
371,4,220,2,182.9176,11.9671,12.7752
372,1,145,1,86.6401,37.3346,9.4758
372,2,200,2,543.3780,4.0416,11.8581
372,3,149,3,209.3480,36.3772,9.9981
373,1,29,5,682.0486,46.5662,11.9066
373,2,227,1,824.0706,20.4853,14.7175
373,3,237,2,767.9734,14.2777,13.4912
373,4,218,4,839.9919,19.0075,12.9155
373,5,52,2,698.7896,28.1073,13.0880
374,1,57,1,386.6803,35.6432,6.5062
374,2,22,1,146.8655,8.0321,13.6113
374,3,82,3,141.5096,19.7401,11.6580
375,1,47,4,767.5149,14.9642,12.8958
375,2,130,5,624.8503,42.0114,6.8093
376,1,60,3,855.5772,26.9413,9.1255
376,2,22,3,556.6180,10.0109,11.4770
376,3,185,2,879.6034,44.0111,14.4441
376,4,134,4,731.5594,34.2435,12.8923
377,1,4,2,278.0274,45.9735,8.0832
377,2,140,3,146.6370,12.8719,6.6075
377,3,161,1,388.6742,26.3114,11.0161
377,4,17,4,195.6583,5.8872,8.6992
378,1,172,3,841.9724,3.3326,10.2087
378,2,89,1,271.1569,3.1850,5.9481
378,3,175,5,522.6983,39.2204,13.7777
378,4,39,4,344.4385,25.5030,8.5935
379,1,139,5,745.2652,46.4021,12.3654
380,1,227,1,47.8064,49.5461,7.4846
381,1,70,4,768.2302,20.8572,6.4879
381,2,243,5,666.9219,72.6692,8.5759
381,3,156,3,786.7583,46.4492,9.5113
381,4,105,1,740.1735,58.9956,7.8601
381,5,30,1,216.5791,18.2014,5.2163
382,1,77,3,291.6201,3.2911,6.3620
382,2,247,4,271.0448,36.5562,7.1869
382,3,191,4,418.9826,25.9418,13.1098
383,1,240,2,815.8475,49.9892,11.8088
383,2,84,5,183.7671,5.3443,6.2646
383,3,167,1,262.3365,27.0812,5.2045
383,4,15,4,179.2382,21.1759,9.9880
383,5,95,4,886.3443,22.5236,13.5687
384,1,234,5,442.4864,20.5405,9.0101
384,2,8,2,248.6744,40.3604,10.8392
384,3,165,2,45.3798,38.0223,5.6739
384,4,14,1,437.4913,15.0501,7.7227
384,5,235,1,677.5617,39.5912,14.2589
385,1,182,4,433.1821,1.5441,8.1410
386,1,59,2,911.7229,23.2269,6.9473
387,1,138,2,900.1840,13.3248,11.8399
387,2,126,3,32.7971,2.1118,12.2502
388,1,160,1,771.0314,34.9867,10.1200
388,2,230,1,382.6771,43.1330,14.5148
388,3,246,2,366.5386,60.3509,14.4839
388,4,85,2,901.5389,40.9002,12.4868
388,5,211,5,706.1280,32.3907,14.1422
389,1,15,4,798.8819,57.2124,6.2190
389,2,149,5,367.5300,17.7171,6.7528
389,3,20,1,798.3130,13.9158,9.2374
389,4,226,5,727.4820,64.5816,5.0573
390,1,22,2,551.4695,42.0727,11.6744
390,2,235,4,532.4322,18.8246,10.1332
390,3,76,1,511.4481,38.8005,5.5266
390,4,183,5,887.0556,31.0868,7.4032
390,5,100,1,404.6012,47.5228,13.2799
391,1,233,2,389.8022,38.3371,6.4266
391,2,165,4,47.7802,25.6154,13.2506
391,3,32,3,376.1525,53.5838,8.3781
391,4,222,5,850.2041,27.6408,9.6808
391,5,199,3,243.9334,47.4491,8.1708
392,1,12,4,815.5684,4.9871,5.0245
392,2,143,3,115.2520,12.3836,13.2842
392,3,244,4,941.8063,7.3596,10.0426
393,1,118,1,589.7829,25.1881,8.1811
393,2,166,5,600.9458,7.6216,8.6407
393,3,93,1,230.8285,29.0507,5.9378
393,4,80,1,333.5562,18.2742,10.9614
394,1,82,5,438.3333,45.5881,7.3908
395,1,174,1,868.3156,9.8701,12.8373
395,2,59,2,420.7849,16.4816,11.4211
395,3,201,1,352.7698,27.6276,14.8452
396,1,84,1,693.7047,52.7559,11.1642
396,2,86,4,263.0232,41.4181,6.8143
396,3,117,4,358.4052,41.2277,10.5156
397,1,119,4,147.6482,86.1210,10.0674
397,2,32,4,659.8917,16.8946,11.9141
397,3,104,3,960.7104,79.5717,5.1455
397,4,92,5,278.5745,31.0785,9.4022
398,1,68,1,847.0786,12.6284,12.9380
399,1,133,3,432.0494,38.8801,8.1498
400,1,103,3,167.7915,21.2236,5.1235
400,2,206,4,998.7274,48.3483,6.3791
401,1,48,3,942.1773,37.4832,6.1386
401,2,187,3,453.4758,96.5935,6.1135
401,3,209,3,78.5516,42.5509,6.4015
401,4,94,4,553.3335,37.1901,13.1995
402,1,79,2,982.0071,39.5978,10.5141
402,2,14,1,836.4384,10.8470,13.6839
403,1,109,3,526.8959,31.6061,12.2995
404,1,232,5,908.7389,30.1689,14.9981
404,2,182,5,318.5027,8.0718,10.7832
405,1,156,1,173.7838,16.6976,12.4205
406,1,227,2,822.0998,8.3852,7.9332
406,2,226,3,979.2482,46.0809,12.6893
406,3,247,4,535.3676,40.3136,11.3313
407,1,67,1,202.5079,27.1062,5.6270
407,2,202,3,998.1538,58.9314,12.5634
408,1,21,5,101.8754,25.0309,10.6518
408,2,94,2,641.3994,28.0672,14.1888
408,3,121,3,91.2311,41.7143,9.3266
409,1,177,1,229.6232,18.4030,8.6921
410,1,15,3,967.1844,73.9227,13.8051
410,2,246,1,776.9198,6.9985,7.0609
410,3,219,3,509.4326,49.2676,8.3593
410,4,102,3,757.8740,47.2558,13.9484
411,1,130,3,877.2813,14.3253,11.6796
411,2,226,4,637.3921,27.3253,5.5692
411,3,207,2,36.5560,42.9079,12.3677
411,4,135,1,598.2964,22.2377,5.1170
412,1,250,2,825.1232,73.4242,13.1691
412,2,65,2,610.9494,10.4237,6.7614
412,3,125,1,493.7153,16.6423,8.0386
412,4,97,2,523.8294,68.0547,11.9474
412,5,90,3,234.7165,50.4876,6.8559
413,1,139,2,426.2272,0.5450,6.8197
413,2,230,4,818.4776,5.3910,9.2846
414,1,111,1,400.6800,22.1873,9.3333
414,2,3,5,161.2830,24.5467,11.3119
414,3,147,5,507.5306,9.7086,7.3289
414,4,46,5,946.8910,39.4907,7.5504
414,5,238,5,579.1109,22.2096,12.1989
415,1,82,4,169.2830,27.2885,6.4170
415,2,56,1,379.1355,8.9757,6.3642
415,3,159,2,142.9677,25.3399,12.0621
415,4,182,1,46.4379,14.4330,5.2627
415,5,31,3,54.6901,9.8195,6.8599
416,1,156,2,742.0160,10.1625,8.1409
416,2,142,4,17.9013,33.9343,14.9183
416,3,5,4,180.8059,41.9132,7.1838
416,4,242,5,78.1156,34.2405,11.4839
416,5,207,1,397.9384,48.6541,9.6412
417,1,240,2,813.7698,36.4967,13.2986
417,2,52,1,190.6415,38.6318,9.7238
417,3,21,4,899.6864,79.1668,13.4060
417,4,40,5,145.3781,32.4879,11.9409
418,1,108,5,596.5260,23.8701,12.6666
418,2,158,3,383.6672,26.3849,11.1702
418,3,116,1,428.5812,20.5351,8.0345
418,4,124,2,670.8666,51.6792,5.1937
419,1,39,1,614.4488,26.6440,10.5911
419,2,11,4,695.8681,19.4925,7.7484
419,3,102,2,998.2107,59.0316,5.3717
419,4,146,3,216.4510,0.8108,10.7404
419,5,7,3,243.8173,23.3147,7.9678
420,1,124,5,636.5765,36.2543,11.8891
420,2,99,5,870.2032,15.4988,7.3952
421,1,78,4,231.7377,20.8009,12.7206
421,2,168,4,845.6069,26.7042,11.8872
422,1,141,2,667.6866,71.4641,14.1592
422,2,206,2,617.3878,43.7316,10.5833
422,3,206,1,275.7634,39.2631,9.8256
423,1,45,3,152.5431,14.8731,9.5917
423,2,43,2,839.3356,22.0299,13.9386
423,3,48,2,818.9644,32.5784,13.3696
424,1,202,1,817.4577,25.3510,11.6175
425,1,138,1,10.6821,69.2731,8.4693
425,2,61,1,455.6723,5.9382,13.5453
425,3,76,3,559.4979,15.0056,8.2812
426,1,124,4,809.6785,21.4184,5.2086
426,2,223,5,626.0478,28.9237,8.8204
426,3,40,5,296.0299,10.0265,12.0107
426,4,161,1,417.8449,27.4429,5.0869
427,1,169,5,829.4437,34.2194,12.8884
427,2,167,1,937.4720,30.0538,10.6846
427,3,95,5,112.7206,0.9965,13.7320
427,4,42,3,65.6441,20.6993,9.8308
427,5,71,1,97.5036,29.9983,8.0345
428,1,23,2,211.3573,10.6021,8.6838
428,2,200,3,262.7622,41.9954,8.3463
428,3,34,4,894.1117,49.9363,7.8966
429,1,12,1,310.4908,23.4259,12.0503
430,1,76,5,238.5751,8.9733,5.0635
430,2,240,2,159.2890,73.7368,5.7147
430,3,165,5,66.9683,7.7891,14.9127
430,4,173,2,993.8032,80.9703,12.3897
430,5,165,3,892.7566,26.2781,11.6053
431,1,54,1,355.1201,1.1140,8.4639
431,2,80,5,515.2955,30.8944,14.2628
431,3,97,2,176.2723,36.5170,9.2376
431,4,212,3,371.6921,46.4684,13.4506
432,1,207,1,721.5096,29.0260,8.5234
432,2,16,3,390.7134,76.3460,5.2368
432,3,49,2,710.5025,20.1928,10.1368
432,4,74,3,113.8698,40.2683,9.4477
433,1,173,5,654.6769,23.7690,7.0531
434,1,54,1,976.3146,34.3464,14.8668
435,1,200,1,17.0451,6.4722,11.7360
435,2,31,5,416.2259,26.1867,6.2903
435,3,140,1,316.3340,48.9011,7.0895
436,1,176,4,567.5560,22.1167,14.6374
436,2,237,1,413.5714,36.2956,10.7980
436,3,140,5,564.4798,34.3073,7.5558
437,1,160,4,207.3098,40.0980,11.5238
438,1,108,1,352.9462,22.7202,12.9255
439,1,246,4,547.5801,55.5462,9.6104
440,1,75,5,822.5028,40.7675,7.3484
440,2,132,1,550.5613,83.2276,10.1214
440,3,202,5,296.1207,18.2875,12.9373
440,4,141,1,927.0989,30.9725,7.1502
441,1,216,4,749.0789,4.4715,11.1330
441,2,563,1,785.2250,26.7059,5.3700
441,3,116,3,472.0945,6.0525,7.3867
441,4,179,2,984.0853,39.5988,7.7377
441,5,223,3,289.5825,47.9429,7.3380
442,1,221,5,905.9741,25.5943,8.1528
442,2,224,5,150.8323,31.2823,12.5226
442,3,63,5,501.0545,18.0164,7.6846
443,1,217,5,786.5824,8.8492,9.7437
443,2,141,3,921.8765,37.5892,11.8780
444,1,228,2,357.2574,73.4582,13.2462
444,2,82,1,880.8201,67.3270,5.4619
444,3,45,2,617.6595,16.4342,8.7881
444,4,79,1,74.4198,41.6940,7.5699
444,5,68,3,619.5549,35.8661,6.7035
445,1,149,5,352.1632,3.8267,12.9142
445,2,100,3,474.0851,18.6641,12.0182
445,3,34,4,348.8877,16.9790,11.6659
445,4,243,2,160.3324,1.7870,13.3952
446,1,204,3,398.9701,34.2871,12.0638
446,2,162,5,856.2365,72.8544,14.4034
447,1,124,3,43.1436,25.3134,9.8914
447,2,31,3,422.4144,19.8678,13.7156
447,3,56,3,80.8935,6.3896,13.2478
447,4,24,1,98.4573,35.6782,14.1178
447,5,79,1,685.1911,9.1759,8.8564
448,1,2,4,895.9806,7.8427,7.8840
448,2,137,5,44.5277,65.6210,14.1109
448,3,207,5,397.8908,88.4101,13.4336
448,4,135,2,132.1058,21.3346,7.1163
449,1,223,2,132.5736,47.3883,7.3704
449,2,179,5,903.5278,20.9350,10.4892
450,1,81,5,759.7028,54.3853,12.1722
450,2,189,2,152.2663,40.1438,5.9061
451,1,217,4,203.3640,15.8554,6.5246
451,2,225,3,740.9435,26.0614,6.1345
451,3,46,3,507.0874,24.0198,7.6648
451,4,184,1,250.0760,16.8121,8.1527
452,1,115,4,331.0295,26.1111,6.1294
452,2,52,1,672.3808,24.7486,13.9581
453,1,125,2,337.9126,46.2331,8.5034
453,2,674,1,752.5753,1.9471,8.3215
453,3,245,5,457.3337,47.4469,7.6650
453,4,109,5,326.9281,76.2272,13.4379
454,1,138,3,532.4104,29.6715,10.7840
454,2,180,4,77.6811,67.0617,12.0199
454,3,27,1,270.5612,46.4218,13.4932
454,4,90,1,299.6161,17.1515,14.2272
454,5,168,4,815.8761,11.2191,8.1094
455,1,70,1,434.2353,68.2253,13.1297
455,2,189,1,566.8540,0.5160,7.1473
455,3,187,5,223.8810,50.4066,9.7826
456,1,167,4,909.0645,30.2462,9.4108
456,2,61,1,667.8734,8.0397,14.2062
456,3,148,1,74.8866,14.4385,5.8397
457,1,177,4,92.2852,15.2644,14.0290
457,2,182,4,396.1670,97.4384,6.4204
457,3,139,1,155.4960,10.6674,10.0656
458,1,70,4,611.5654,22.5531,5.5161
459,1,250,3,674.6551,2.5832,14.9698
459,2,197,1,903.7612,31.4108,8.6267
460,1,125,3,940.3667,14.4833,8.5823
460,2,114,1,841.6234,29.3815,10.1452
460,3,97,3,663.3539,14.4941,9.7262
461,1,74,1,473.3748,7.1854,8.5154
461,2,159,1,39.4651,43.7212,13.9117
462,1,210,3,745.6428,42.5084,9.1533
462,2,49,3,132.7543,11.6212,9.5602
463,1,81,1,337.8869,3.2373,10.7010
463,2,75,5,498.4969,42.0416,11.1619
463,3,110,2,9.8119,20.6653,11.6773
464,1,74,2,431.2789,0.6367,12.1983
464,2,114,1,555.5394,66.4032,11.8775
465,1,48,3,956.0060,28.9784,8.0029
465,2,197,3,307.5359,16.2805,8.4994
465,3,48,5,586.8129,23.7483,10.6224
465,4,172,1,648.9641,7.5206,12.5511
466,1,208,1,382.5515,9.5784,9.3661
466,2,195,1,790.9412,40.1241,9.9273
467,1,89,2,474.8791,25.3678,12.2003
467,2,126,3,160.8856,30.0393,10.1802
468,1,98,3,735.4511,39.3380,6.7457
468,2,87,2,3.6118,32.5449,9.3663
468,3,23,2,220.1244,2.6449,7.0722
468,4,209,4,609.4495,23.9497,9.3896
469,1,11,2,846.0591,37.2086,11.2358
470,1,160,3,668.0923,47.0949,12.2688
470,2,193,3,494.6488,19.8301,12.0096
470,3,98,2,668.5921,33.3237,9.6202
470,4,155,1,430.6267,7.4720,6.0494
470,5,40,2,748.3873,42.6628,9.7862
471,1,174,1,446.0341,11.6680,7.8442
471,2,238,2,821.1049,13.1623,14.6002
472,1,73,5,789.6149,48.2334,14.6673
472,2,74,1,385.4901,47.6619,6.8467
472,3,178,5,751.3494,12.3152,11.0977
473,1,144,1,827.6143,28.0206,6.3391
473,2,157,2,804.2161,35.3207,10.8708
473,3,49,2,427.4010,63.6989,12.0868
473,4,17,4,381.5649,11.0475,8.5595
473,5,77,3,190.5034,31.8681,9.7770
474,1,73,1,921.0134,43.6416,11.2531
474,2,100,4,216.7163,18.5908,13.1176
475,1,100,5,275.9131,23.5829,6.8827
475,2,249,5,18.3185,13.5453,6.6969
476,1,98,2,762.9582,44.5392,5.4076
477,1,205,2,559.2421,3.3574,12.5411
478,1,94,1,465.2606,43.6524,9.1510
478,2,181,1,215.8711,30.3860,14.6903
478,3,179,5,175.2950,43.1747,12.2296
478,4,43,1,305.9930,13.1331,13.4256
479,1,9,1,114.2548,30.7918,9.7309
479,2,105,1,576.5952,79.5427,9.2223
480,1,21,4,996.8004,33.1385,5.1072
481,1,21,2,3.7335,22.7099,9.6520
481,2,124,2,711.9614,22.6293,6.0238
481,3,150,3,629.8385,47.4072,13.2663
481,4,35,4,263.2887,29.3421,14.8943
482,1,297,2,828.4064,31.3476,12.8272
483,1,37,1,864.1609,45.3977,11.7287
483,2,12,1,829.2142,25.0052,12.7975
483,3,171,1,399.6918,1.5776,12.3639
484,1,100,3,358.4665,5.6330,9.6876
484,2,109,1,925.8411,27.5741,14.9311
484,3,229,3,849.3136,34.6912,11.0834
484,4,64,3,473.6283,21.3367,14.1544
484,5,136,5,119.2450,36.3074,11.7415
485,1,129,4,292.7338,32.5225,9.1393
485,2,177,1,334.5651,19.9472,9.5810
485,3,212,5,981.7880,29.8215,12.9247
485,4,8,2,454.5161,2.7272,9.6909
486,1,15,2,370.9661,24.4017,9.0583
486,2,50,3,753.5889,10.2885,13.8546
486,3,172,5,752.4971,30.7616,14.1513
486,4,152,2,14.5403,21.0315,10.4070
486,5,191,2,290.6247,83.4683,6.8461
487,1,24,3,769.9701,24.7562,5.2318
487,2,149,5,54.0936,46.3510,11.4768
487,3,64,4,806.0395,35.1757,14.6312
487,4,196,1,36.8351,17.6749,8.4095
487,5,16,4,877.3163,25.6804,9.9481
488,1,204,1,427.7727,22.6745,7.7139
488,2,118,5,921.7747,78.6804,9.2376
488,3,216,3,395.7417,6.0697,5.0470
488,4,100,1,564.6117,61.3067,12.3188
488,5,76,2,551.4802,15.0475,7.7159
489,1,117,5,416.9607,49.5915,14.3773
489,2,162,3,166.4333,12.9769,7.3468
489,3,169,3,867.2601,17.0559,9.1280
490,1,197,3,815.1237,49.0072,8.7776
491,1,28,1,824.2731,13.3282,10.4996
491,2,401,3,60.2788,33.7563,8.4305
492,1,78,5,574.3294,3.9401,8.0086
492,2,51,3,279.7404,30.4763,5.8334
492,3,74,2,163.0819,31.3658,13.4070
492,4,232,5,343.2211,1.9914,7.0728
492,5,86,5,234.1300,17.9328,13.5411
493,1,10,4,723.2409,41.7304,14.1379
493,2,107,1,128.9579,14.8302,8.5593
494,1,208,1,723.3243,12.2118,9.3107
494,2,201,5,11.5567,16.2231,14.1380
494,3,70,5,420.0853,24.0276,5.6532
494,4,101,1,792.5810,43.9324,6.2179
494,5,224,3,276.4091,35.6379,12.3599
495,1,219,3,62.5158,9.8980,14.4968
495,2,57,3,339.2445,75.1083,10.8670
496,1,64,1,919.5666,28.4522,14.9104
496,2,26,3,75.2248,24.0265,12.3426
496,3,250,5,749.3715,23.7062,8.0027
496,4,236,2,528.6347,44.9819,6.8692
497,1,126,3,652.5492,39.3736,7.8599
497,2,11,4,514.8347,20.9175,13.7091
498,1,157,4,779.4732,49.5447,5.6318
498,2,28,5,432.9559,37.1049,7.1560
498,3,203,2,664.4089,24.4970,5.8289
499,1,235,4,307.8622,16.8613,14.7284
499,2,26,3,837.4498,13.7484,6.4828
499,3,1,1,677.3861,1.7218,14.7350
499,4,146,2,279.7386,75.3538,6.7408
500,1,161,4,662.0135,34.6226,8.5762
500,2,166,5,347.9442,7.8896,7.7789
500,3,100,2,376.2970,22.7416,11.9188
500,4,94,2,414.1109,25.5056,5.9507
500,5,184,5,36.6289,37.7617,6.4765
501,1,113,2,949.5568,59.7085,14.8253
501,2,219,3,83.5277,40.2460,8.4264
501,3,134,2,698.4686,81.9142,8.1569
501,4,40,3,424.1406,9.7031,5.2146
501,5,3,4,809.6313,46.8230,9.0634
502,1,136,1,2.6751,79.7295,12.3204
502,2,14,2,80.1931,39.3951,13.6478
503,1,61,4,493.5538,27.5766,7.4711
503,2,117,1,558.7390,50.2021,14.4152
503,3,241,3,69.1892,18.0255,7.9732
503,4,166,4,208.4409,1.6297,10.2480
504,1,171,5,721.6429,85.5490,14.3967
504,2,206,5,635.5843,28.6103,8.5783
504,3,153,1,267.8149,32.3202,11.9693
504,4,37,2,47.5307,24.3447,10.6714
504,5,74,4,638.3896,10.7378,7.1061
505,1,52,2,916.4093,45.3139,13.8059
505,2,240,4,101.4565,43.2346,10.0849
506,1,32,1,931.0868,17.3107,7.5242
507,1,224,5,825.4404,12.1072,14.4542
507,2,50,2,485.8427,12.5334,5.1835
507,3,175,3,519.1827,42.1450,11.7108
508,1,28,4,324.6885,28.7671,11.2391
508,2,194,1,586.4962,7.1688,12.4914
508,3,45,5,310.8083,3.4155,11.2456
509,1,170,1,413.8340,26.5387,13.2984
509,2,144,5,414.0529,12.9589,10.9039
509,3,246,3,273.5946,84.4503,10.8567
509,4,168,3,691.4645,18.9349,14.6012
509,5,235,1,815.2097,35.8316,12.7392
510,1,216,3,882.7166,27.3448,5.6383
510,2,191,2,682.6727,4.6613,8.2687
510,3,40,3,139.0742,16.6950,13.8783
510,4,199,4,558.1235,20.7274,7.3935
510,5,70,3,833.9586,34.7054,14.7800
511,1,29,4,16.1171,98.6798,11.4146
511,2,37,4,841.5259,10.8580,14.0682
511,3,182,1,689.3691,0.8949,10.3410
511,4,84,4,538.1495,7.9785,14.8751
512,1,130,1,502.6152,9.3648,11.0891
512,2,213,1,458.6604,47.2500,13.7526
512,3,31,1,565.1970,25.5537,9.3290
512,4,77,3,694.8132,42.1587,10.7904
512,5,14,5,187.8205,9.2501,6.1858
513,1,213,1,374.3219,22.9818,12.1316
513,2,244,2,954.3604,36.0898,7.6719
513,3,113,5,261.8592,5.3124,12.1429
513,4,240,5,618.5153,8.2930,12.1247
513,5,185,4,861.3080,25.5236,12.1285
514,1,33,4,513.3085,9.7359,8.2893
514,2,245,2,659.6567,5.5284,7.9442
515,1,156,2,295.4691,65.8503,14.8980
515,2,47,3,658.4417,29.9128,14.8997
515,3,61,4,648.8023,20.3142,6.7050
515,4,203,5,563.1915,39.9614,6.6429
515,5,49,4,216.9006,43.5455,8.2178
516,1,140,4,937.5350,31.8222,10.0800
516,2,454,5,523.7998,46.8386,10.4335
516,3,12,4,616.5675,7.1119,5.9594
516,4,114,3,755.2904,21.8655,13.5229
517,1,232,5,59.8149,74.5531,9.0659
517,2,47,1,400.3850,48.8177,11.7164
517,3,168,3,704.5148,0.6470,13.5285
517,4,78,5,651.7269,17.4884,8.0016
517,5,61,2,768.3571,23.2381,13.2729
518,1,54,1,240.6502,40.7409,7.5342
518,2,32,1,221.6679,8.7339,9.7641
518,3,25,3,581.4798,18.5513,7.6753
519,1,81,1,482.7381,3.5038,6.3297
519,2,89,3,168.3178,88.0620,11.3032
519,3,67,3,743.6406,46.0956,6.7086
519,4,171,2,820.2168,47.7124,5.3274
520,1,163,3,908.7465,19.6320,6.5022
520,2,112,5,504.8774,27.6583,7.0472
520,3,200,5,346.2493,37.8327,12.6492
521,1,162,3,848.6674,4.0329,9.0965
521,2,61,4,500.9003,6.5567,14.6436
522,1,85,1,932.8217,98.2423,11.3374
522,2,126,5,33.9814,34.0670,5.0560
522,3,151,4,246.6787,51.1248,13.6568
523,1,192,5,244.3591,28.4641,6.4529
523,2,121,3,926.2484,9.1696,6.8119
524,1,114,3,420.5366,26.3633,9.3422
524,2,139,2,424.2986,24.4651,8.8340
524,3,218,1,388.1744,78.8148,13.5925
525,1,11,5,211.9238,7.9256,8.0459
526,1,71,2,968.3404,49.2274,7.6248
526,2,223,2,551.7153,9.9045,5.4753
526,3,221,3,327.5050,31.1968,11.1027
527,1,95,4,561.2104,45.7221,5.5575
527,2,194,2,46.8878,23.8228,13.4713
528,1,166,1,132.8264,49.8137,12.5655
528,2,8,4,15.6119,41.5460,11.9989
528,3,40,3,36.4434,40.0909,8.5640
528,4,206,3,332.3937,33.1827,9.2628
529,1,89,4,115.2747,6.6081,7.0908
529,2,23,2,45.9788,13.3597,7.0441
529,3,222,2,491.2508,32.6791,9.2545
529,4,145,2,341.2760,30.4472,9.2688
529,5,114,3,92.1002,17.3681,10.3653
530,1,170,1,35.0122,25.0728,14.8132
530,2,109,5,101.4734,36.5887,7.0973
531,1,100,5,105.6768,5.8013,14.0328
531,2,149,2,350.5796,13.7638,8.7285
531,3,37,4,441.0591,21.3268,8.3821
532,1,141,5,611.6850,29.6122,9.7489
532,2,6,5,742.3588,48.6000,6.0560
533,1,80,2,278.5397,71.3724,11.0817
533,2,13,2,723.8469,19.3852,10.3443
533,3,72,4,799.1089,48.3148,12.2520
533,4,51,5,422.4260,46.4680,8.9823
534,1,242,4,881.2437,12.2649,14.9799
534,2,104,3,608.8434,98.6477,13.3515
534,3,224,1,682.0953,9.2301,10.7786
534,4,2,5,258.8886,89.0040,9.4922
535,1,146,5,593.6287,3.3803,5.8794
535,2,177,4,443.6652,5.1546,11.0988
535,3,15,2,522.1221,74.0999,11.9339
535,4,72,1,47.8635,29.4125,14.3986
536,1,24,3,824.6658,22.6386,13.4082
537,1,53,5,782.2499,27.9577,14.7093
537,2,133,1,897.6775,44.9300,10.6706
538,1,49,5,720.0303,61.9918,7.7672
538,2,82,3,257.4434,21.1894,6.3273
538,3,213,2,153.8353,49.7353,12.6442
539,1,178,4,829.1785,21.2478,10.6417
539,2,20,1,359.3707,47.8152,7.8056
540,1,390,1,862.4581,40.8370,13.9059
540,2,224,2,483.4634,78.1942,8.3893
540,3,189,5,849.2954,13.5730,7.6020
541,1,15,5,438.4082,43.1207,7.2711
541,2,54,1,539.7531,19.8541,14.5621
542,1,103,4,632.8093,24.2784,7.5833
542,2,235,2,162.4161,0.7582,11.0211
542,3,134,2,269.5025,14.8605,14.4126
543,1,21,3,376.5567,47.1120,10.8219
543,2,246,2,590.7419,2.4650,7.5944
543,3,240,2,638.2830,38.9725,6.0204
543,4,236,4,884.7924,48.1985,11.4341
543,5,83,5,685.0679,35.5633,13.8703
544,1,141,3,695.9297,18.0417,9.2758
544,2,153,2,540.6824,14.5297,12.4172
545,1,67,3,446.1953,13.7187,12.3747
545,2,72,5,583.6869,43.6938,14.9448
545,3,146,5,549.8716,45.3015,11.2674
546,1,87,3,601.8010,19.0100,9.7441
547,1,77,2,861.6030,93.1298,10.5330
547,2,186,2,179.9745,11.1754,12.6792
547,3,179,4,318.4233,38.5716,12.7283
547,4,169,3,990.6920,8.3398,10.2953
547,5,36,2,745.9592,46.0661,13.7772
548,1,245,2,363.5423,19.3117,6.2929
548,2,20,1,97.0132,21.6677,11.5679
548,3,70,2,38.9487,23.1093,5.0696
549,1,24,4,105.7396,10.5271,14.0994
549,2,141,5,490.5380,81.3565,6.8700
549,3,166,1,621.8473,25.5072,13.9832
549,4,172,4,850.8229,14.3296,14.8825
550,1,144,4,735.4338,23.0937,7.7734
550,2,153,1,415.4595,38.8005,13.1318
550,3,136,2,158.3872,14.8074,5.4322
551,1,242,2,154.1298,47.1362,10.9687
551,2,24,1,826.0470,21.7553,12.1026
551,3,80,1,597.2267,3.5670,9.3303
551,4,71,5,395.0244,42.1057,13.1775
551,5,87,3,244.3072,27.6624,10.7169
552,1,44,4,28.0001,3.1754,5.7280
552,2,23,3,53.4985,52.8439,6.4408
553,1,152,2,314.9076,13.7468,8.5926
554,1,74,5,242.9427,30.3482,8.7448
555,1,248,2,246.3836,14.9175,14.1570
556,1,199,3,822.9031,49.5395,14.9122
556,2,250,5,347.4017,27.5374,14.1332
556,3,212,1,301.6299,28.7185,8.2322
556,4,143,5,469.0814,70.9102,12.0258
557,1,101,5,93.5376,43.4625,9.1632
557,2,61,5,457.2778,17.3192,11.3081
557,3,77,5,618.3855,7.5047,10.3562
558,1,126,5,9.2255,34.8016,7.2469
558,2,9,1,74.0615,47.7479,13.2113
558,3,233,5,352.4261,14.8697,12.1755
558,4,225,2,250.3120,31.3666,14.3523
559,1,114,5,730.4071,74.2185,8.9550
559,2,72,5,774.6897,10.8532,14.6490
559,3,233,1,198.2056,48.0727,8.5268
560,1,70,5,360.6695,41.3631,6.7601
560,2,109,1,626.7552,6.7714,8.4172
560,3,76,3,78.6836,32.3507,8.9958
560,4,20,2,239.2160,27.2769,8.7749
560,5,23,2,674.3690,24.0120,6.3533
561,1,67,1,352.8406,35.9306,6.2842
561,2,33,3,380.3440,9.2716,8.4692
561,3,235,5,800.8609,10.7426,7.7392
561,4,185,4,1.0881,10.5278,9.3357
561,5,62,1,849.0442,1.0381,14.3854
562,1,37,2,126.6486,21.1956,12.3504
562,2,93,3,240.1286,35.6366,6.9396
562,3,130,1,451.4186,25.6640,10.0775
563,1,141,5,99.1162,35.6584,10.0349
563,2,112,4,299.7981,24.0054,10.4495
563,3,85,3,755.3700,18.9899,14.1356
563,4,155,5,840.1620,46.4752,5.8465
564,1,159,4,837.2871,19.6842,13.4126
564,2,111,2,562.7625,5.2834,10.3529
565,1,49,5,90.1132,29.0485,6.4151
566,1,73,3,890.7689,32.8182,6.6397
566,2,77,4,661.6282,35.0783,7.3838
566,3,216,4,435.3273,35.8479,8.2429
567,1,304,4,123.7501,25.4613,7.1097
567,2,23,5,866.4495,3.4787,5.3329
567,3,189,4,231.6997,53.3380,9.5953
567,4,217,2,99.4357,28.2661,7.2161
567,5,76,3,722.6433,20.2466,12.2831
568,1,115,3,407.4750,40.5292,7.1348
568,2,137,5,206.4659,0.6697,13.3077
568,3,212,4,809.1701,10.7706,5.4185
568,4,23,5,348.2045,7.9637,12.8301
569,1,3,5,762.4297,10.5255,10.3138
569,2,25,3,315.0870,1.6733,8.6816
569,3,148,1,6.7166,65.9056,7.0143
569,4,181,3,213.9709,24.1751,7.3812
570,1,216,2,292.4397,48.6036,5.5383
570,2,9,4,415.3854,32.0976,12.3717
570,3,161,4,387.6010,35.2401,9.0957
570,4,17,5,380.4854,51.9538,13.0071
570,5,81,1,99.8364,24.2143,8.1383
571,1,206,4,554.8164,40.2741,5.9224
571,2,161,4,543.7727,21.8811,11.6108
571,3,186,5,145.1605,17.8203,5.7011
571,4,228,4,59.1271,33.8171,7.4286
571,5,111,2,474.0838,5.0317,10.8409
572,1,190,2,743.3174,97.4425,12.4306
572,2,57,5,345.9500,5.2374,7.0198
572,3,168,5,695.9549,43.8355,14.2279
572,4,2,3,990.6296,76.3331,9.0704
573,1,244,3,678.1826,18.2188,5.0458
574,1,157,4,324.9119,3.9724,5.9503
575,1,2,5,270.7270,27.8242,8.5885
575,2,115,2,684.7456,84.7242,6.1923
575,3,180,1,264.1948,10.5504,10.6502
575,4,91,2,944.3075,44.5900,11.5743
575,5,77,5,0.0000,2.2739,10.9955
576,1,83,1,244.6315,58.3193,12.1328
576,2,165,3,918.2150,40.5071,10.1986
576,3,121,4,879.7278,34.3590,9.6158
576,4,48,4,353.3648,22.3273,11.5557
576,5,74,5,389.4185,23.8785,9.9770
577,1,215,5,687.6429,32.0427,6.3892
577,2,73,1,873.0076,48.5096,14.7983
577,3,27,3,45.7665,45.0178,6.3858
578,1,22,1,683.1783,48.2943,13.0073
578,2,210,2,773.0729,23.9981,10.4855
579,1,15,2,205.9467,5.9461,7.6755
579,2,76,2,93.3868,8.7893,11.0703
579,3,185,3,221.4173,2.7208,10.4540
579,4,191,4,869.1258,20.0230,6.4423
579,5,130,5,889.4670,47.6974,11.5592
580,1,117,4,685.0345,49.2447,9.2800
580,2,189,3,385.7625,6.1925,8.3119
580,3,65,5,321.0518,47.7887,6.2986
580,4,10,4,735.3478,30.6949,12.7511
580,5,247,2,210.5595,43.1298,10.3296
581,1,75,2,436.5691,43.6906,8.8341
581,2,115,2,536.5159,8.7217,14.5845
581,3,24,2,154.7252,19.9801,7.5740
581,4,86,4,527.7599,87.6217,8.0257
582,1,35,3,111.1861,42.2272,14.3443
582,2,111,3,97.5917,10.2429,6.2720
582,3,31,4,601.5829,41.6446,6.8659
582,4,199,4,169.5212,32.9705,12.9223
582,5,54,3,347.1665,9.2984,14.3120
583,1,63,1,693.9615,23.8766,9.2916
583,2,96,3,896.8382,17.8923,8.6716
584,1,83,1,707.5819,22.4266,7.8703
584,2,70,2,506.3927,24.6457,6.7978
585,1,32,2,680.3431,44.3314,9.0816
585,2,149,3,212.7086,30.4080,9.9312
585,3,49,3,692.1136,6.7634,9.3020
585,4,16,1,236.0169,45.0963,11.0794
586,1,250,2,428.5516,28.2060,9.1726
586,2,20,2,392.8489,46.0976,10.9554
586,3,197,1,77.9781,13.6791,7.5295
587,1,23,1,771.6158,13.8421,14.7575
587,2,121,2,281.4532,13.0340,12.9777
587,3,216,3,955.8572,26.8293,10.0889
587,4,22,5,378.5818,21.1757,12.8396
588,1,176,3,620.9021,87.2769,13.3805
589,1,242,4,75.0433,46.8961,14.7852
589,2,150,4,398.3186,46.3853,9.3931
589,3,738,4,992.4402,4.1631,14.7586
589,4,6,5,855.5826,52.0299,14.3735
589,5,32,5,646.2311,95.3749,8.5251
590,1,162,1,472.2844,24.3983,6.9448
590,2,246,3,47.5026,27.7936,14.4449
590,3,138,3,937.5437,42.1730,5.0582
590,4,63,5,766.9956,31.6429,8.4072
591,1,247,2,69.5453,25.4711,14.6340
591,2,144,1,900.6465,15.4968,13.2523
591,3,117,4,828.9736,40.4126,13.5300
592,1,30,4,702.6383,7.2271,12.6999
593,1,144,1,585.0995,5.3108,8.3751
593,2,2,3,394.9158,35.0847,11.6642
593,3,44,1,579.1576,68.6596,6.7486
593,4,158,4,430.1139,15.7586,8.0414
593,5,31,4,55.3816,15.0345,5.8019
594,1,126,1,534.3243,34.7271,7.7787
594,2,87,2,860.0182,46.4999,11.1604
594,3,12,3,550.7266,46.8104,10.7051
594,4,2,5,313.3987,4.9863,10.8878
595,1,116,5,96.8100,41.9593,7.7008
596,1,139,5,699.9949,4.5561,12.0143
597,1,188,4,984.1170,23.5194,7.0916
597,2,176,1,436.5204,19.2382,6.9776
597,3,16,5,495.1426,26.7486,6.9335
597,4,7,2,658.8660,44.0107,10.9597
598,1,68,3,962.1391,46.5585,5.1887
598,2,222,4,211.8325,45.5138,6.7773
598,3,122,2,498.9738,10.4843,12.3284
599,1,206,3,695.6196,47.9033,6.9771
600,1,153,5,925.8196,38.9368,8.0068
600,2,234,1,162.3085,13.0739,5.2574
600,3,40,1,759.2923,24.0642,13.9015
600,4,14,4,978.9665,11.6900,14.0042
600,5,102,2,947.2781,41.7704,5.2302
601,1,94,4,683.3906,31.4549,13.9387
601,2,24,3,396.4350,34.0514,11.5122
601,3,196,4,626.1428,1.8237,7.1981
601,4,39,3,243.3699,43.9845,7.8650
602,1,141,3,17.1990,28.0725,11.6792
602,2,135,3,212.2422,47.3283,11.4748
603,1,12,4,827.5724,31.0068,7.1548
603,2,189,2,758.3327,39.4178,7.3020
603,3,120,5,50.7281,22.6716,5.3599
603,4,20,2,643.7034,21.2513,13.2481
603,5,99,3,614.9236,27.6440,13.7628
604,1,203,5,887.0769,46.9672,6.7277
605,1,3,2,917.6835,45.6551,8.2760
605,2,126,5,268.0338,65.9247,6.0664
606,1,35,2,551.3934,29.2478,7.1971
606,2,235,5,31.8752,54.2779,6.1577
607,1,238,2,605.6001,2.6789,14.2940
607,2,222,1,677.9253,7.0632,10.3525
607,3,131,3,460.4327,30.2418,10.0706
608,1,148,4,138.3585,14.4088,8.7066
608,2,247,2,459.8432,6.5312,8.8716
608,3,228,5,500.2461,9.3716,12.2151
608,4,139,2,736.7266,46.9197,6.2498
609,1,67,3,177.8850,15.4580,12.4655
609,2,192,3,308.8491,12.0257,13.9606
609,3,24,4,342.9797,49.9986,6.3569
610,1,242,5,258.0535,25.0939,12.1964
610,2,92,5,204.0840,45.3609,13.7505
610,3,139,3,315.7882,7.2383,11.0540
610,4,192,5,409.4119,39.5844,6.1966
610,5,83,2,565.9447,52.6892,11.9154
611,1,26,2,140.1100,44.7702,5.7344
611,2,97,5,270.3319,36.5162,9.5090
611,3,143,5,931.6084,38.9085,7.7757
611,4,178,5,103.3126,42.8366,12.4799
611,5,62,2,103.3075,17.9586,13.1014
612,1,159,2,604.9725,31.4736,6.0983
612,2,122,3,574.2932,34.4219,6.4049
612,3,220,2,618.9064,26.9674,14.2339
613,1,66,1,762.6963,28.3462,12.6569
613,2,205,2,970.9765,35.3092,10.2560
613,3,237,5,441.8596,27.8440,8.1898
613,4,188,2,805.8126,45.7654,6.6031
613,5,164,1,13.2814,4.3482,6.6142
614,1,275,1,93.4591,36.6230,9.7598
614,2,233,3,772.1758,3.8902,5.7933
615,1,248,2,436.0381,10.9590,9.8103
616,1,172,1,132.4709,16.1135,13.1864
617,1,35,3,267.1473,5.3762,10.2966
617,2,129,2,949.3618,45.8721,8.5820
617,3,170,5,674.6705,27.0829,14.1964
617,4,237,1,872.0337,18.3594,13.2348
617,5,110,2,597.2630,37.1785,11.8540
618,1,47,3,67.3376,37.6923,6.9329
619,1,58,4,884.6959,60.4743,5.3345
619,2,45,5,195.1466,20.5996,14.5908
619,3,194,3,718.0624,30.6766,7.3246
619,4,141,2,613.2782,46.0928,11.6758
620,1,210,1,136.7523,47.9255,9.5470
620,2,130,5,449.5376,34.9251,13.7391
620,3,185,1,928.2358,19.9345,10.5425
620,4,126,4,212.3850,0.7646,6.7838
620,5,151,1,1.0506,70.0454,7.1155
621,1,70,1,963.6654,40.7695,12.6282
621,2,118,5,102.1810,2.4052,13.6156
621,3,234,2,124.7496,67.1019,9.9076
621,4,52,3,876.8785,32.8273,5.7382
622,1,26,3,651.6833,7.0430,11.1903
622,2,156,4,455.0336,39.1967,14.3972
622,3,106,4,892.7854,33.5144,7.7217
622,4,114,3,367.0786,42.4388,12.5797
622,5,181,2,660.4099,20.5804,6.9535
623,1,78,1,482.1702,32.1965,8.4455
624,1,219,2,827.1580,32.7754,9.7089
624,2,198,3,471.9055,28.9896,8.2370
624,3,234,3,754.8748,12.3046,11.7596
624,4,176,5,770.0707,13.3922,12.9706
624,5,31,3,751.3711,57.2580,9.4521
625,1,108,1,643.5389,5.1056,14.2384
626,1,4,5,674.2564,70.6545,9.3448
626,2,218,5,425.8368,80.9084,5.5744
626,3,140,4,549.0913,10.9902,14.2186
626,4,153,5,959.1858,36.4126,11.9164
627,1,187,1,356.1199,10.9395,7.3778
627,2,176,1,175.7784,44.6456,12.3564
627,3,194,4,725.1816,22.0698,6.5754
627,4,100,4,73.0986,32.7213,12.5193
628,1,187,2,588.3479,37.0319,7.7690
628,2,175,1,374.8277,34.4214,9.4179
628,3,177,1,782.4599,1.7770,8.9828
628,4,112,3,358.4943,42.5347,7.0885
629,1,34,3,321.5662,26.7013,14.3095
629,2,184,3,897.4726,44.2775,7.3155
630,1,96,5,299.6240,6.7924,6.2685
630,2,236,4,545.8652,30.9123,5.2687
630,3,72,2,235.7624,49.6795,11.9457
631,1,207,1,609.7609,30.7813,5.8321
632,1,249,1,972.2519,34.0010,14.4642
632,2,136,4,513.7827,23.6176,9.8614
632,3,237,4,348.3099,27.6755,10.1051
633,1,178,4,103.6521,12.5014,5.2903
633,2,125,4,752.7245,27.1657,5.4217
633,3,150,5,915.4139,30.6021,10.2420
633,4,194,1,398.2221,5.7452,10.0141
634,1,198,2,378.3321,24.6462,12.5465
634,2,234,1,327.9829,42.4693,11.4052
634,3,243,4,136.0800,49.7583,7.8253
634,4,165,5,928.4039,40.5571,9.6727
634,5,212,2,536.1366,17.9376,5.6417
635,1,84,1,752.2501,7.4862,12.3806
635,2,203,1,726.6701,3.3705,9.7158
635,3,90,1,853.8383,48.8393,12.3498
635,4,41,4,36.0670,13.3267,9.5110
636,1,16,5,964.2722,31.7687,11.4607
636,2,239,3,632.6783,45.0265,9.0051
636,3,90,1,553.4276,24.2143,12.9410
636,4,22,5,222.2740,4.9196,9.8939
636,5,163,2,69.8115,22.4020,7.9619
637,1,65,5,105.9918,28.1643,12.0859
637,2,161,5,500.9794,2.5599,6.8786
638,1,132,4,728.5068,43.2857,5.7258
638,2,104,2,124.4747,17.4846,6.3753
638,3,100,5,146.4982,20.0242,12.2118
638,4,247,5,290.3973,42.6961,7.7427
639,1,132,2,143.4038,39.4458,14.0453
640,1,53,2,706.2230,21.6269,11.9459
640,2,148,3,46.4164,36.4570,10.6244
640,3,14,1,157.3828,2.6176,10.1158
641,1,237,3,846.1060,11.1226,8.7557
641,2,94,2,845.4018,50.7985,5.6359
641,3,231,5,496.7240,18.7256,5.7786
641,4,172,4,621.0166,43.7570,13.1756
641,5,201,3,506.7325,34.5082,12.3628
642,1,112,5,365.9290,48.1936,7.8177
642,2,137,4,995.9760,15.2670,7.4966
642,3,75,3,468.6061,23.6783,10.8808
643,1,148,3,909.3130,8.4697,7.1528
643,2,111,5,680.4073,30.1842,10.5476
643,3,30,1,86.9888,41.7798,6.3234
643,4,122,4,19.8958,23.5788,8.5542
644,1,213,2,975.6479,11.1986,8.3954
645,1,99,1,987.9635,33.1351,12.0690
645,2,31,4,66.2841,9.7501,11.1344
646,1,238,0,127.3262,45.3543,8.0573
647,1,114,3,624.6797,77.9382,12.4548
647,2,113,1,18.5399,34.7579,14.1374
647,3,6,4,328.9309,90.3392,5.3462
647,4,90,5,616.6376,28.8081,8.4623
647,5,140,4,114.6391,43.4656,12.6237
648,1,195,1,957.2163,42.1025,6.1418
649,1,115,2,552.3749,63.5743,6.7313
649,2,198,2,988.7478,26.9088,13.6137
649,3,81,4,613.9070,27.4776,14.5719
649,4,92,3,181.8589,25.6910,6.7876
649,5,106,1,94.6142,32.7145,8.9508
650,1,149,3,756.2889,39.5950,10.0584
650,2,117,5,732.8655,11.1579,6.4128
650,3,139,2,442.1635,6.8698,6.3690
650,4,46,4,714.1002,93.1175,6.4813
651,1,64,3,60.1591,4.6361,11.3963
651,2,139,5,392.3606,45.2790,14.6703
651,3,78,4,466.8146,17.4046,12.4111
651,4,40,2,18.4323,80.5815,10.8216
652,1,48,1,721.5335,28.5101,14.0015
652,2,66,4,732.2374,66.7471,12.1162
652,3,221,4,566.4797,30.0844,9.0967
652,4,172,3,564.1351,21.1562,13.2716
652,5,57,2,513.3978,47.4544,14.9699
653,1,210,1,575.4520,45.8015,13.3301
653,2,152,1,83.0517,8.4560,12.4090
654,1,62,4,965.6061,38.6663,8.4087
655,1,98,1,140.7221,4.7054,5.0654
656,1,237,5,38.5403,42.3057,13.9420
656,2,184,2,28.9067,46.4153,12.3256
656,3,55,2,343.8389,48.5530,9.8332
656,4,86,3,74.7051,39.6308,13.2542
656,5,8,2,902.8347,24.0204,5.2621
657,1,180,2,410.5283,0.2492,11.0874
657,2,196,2,371.0605,18.1415,13.6229
657,3,98,4,542.8699,5.2046,13.6125
657,4,219,5,760.0978,21.9308,14.1973
658,1,171,1,264.2741,32.7206,7.3594
658,2,117,2,789.9222,42.8411,5.8421
659,1,219,3,106.5121,59.9015,9.1239
659,2,85,1,516.4991,20.0683,8.0652
660,1,247,3,335.7703,30.5260,12.5716
660,2,142,3,935.0910,24.8457,7.2391
661,1,70,2,490.8205,13.3081,8.1016
661,2,12,5,80.7932,33.7120,6.5069
662,1,85,1,27.2517,24.0273,9.1206
662,2,194,3,987.2016,13.0178,11.5869
662,3,184,1,992.3467,40.7079,11.5390
662,4,8,1,108.9566,58.3074,8.5207
662,5,246,2,447.1573,29.7716,11.2791
663,1,199,4,161.4715,15.3207,9.1921
663,2,154,4,477.5186,60.8510,7.3403
664,1,746,3,263.2279,41.9025,13.6041
664,2,39,2,975.5890,41.1371,10.6640
664,3,174,2,94.6471,39.0220,11.7168
664,4,93,1,639.3718,10.7933,13.0407
664,5,162,4,522.9834,13.2777,5.1532
665,1,230,1,35.8108,18.6912,11.1739
665,2,115,5,976.4500,4.0067,9.5510
665,3,149,3,256.0757,12.5918,6.3275
665,4,11,5,681.8121,34.8037,9.4988
665,5,3,5,247.9332,29.2506,7.8233
666,1,234,5,684.3080,40.5587,11.9445
